complaint_text,language,location,department,priority
The lane in Byrasandra becomes unsafe at night because street lights are not working.,en,Byrasandra,street_lights,critical
Pattabhiram Nagar में सार्वजनिक सेवा से जुड़ी समस्या है।,hi,Pattabhiram Nagar,public_services,medium
Bilekahalli me public facility maintenance chahiye.,hinglish,Bilekahalli,public_services,low
Bagalagunte में स्ट्रीट लाइट की मरम्मत की जरूरत है।,hi,Bagalagunte,street_lights,medium
Street light pole in Anjanapur needs repair near hospital.,en,Anjanapur,street_lights,medium
Street light pole in Marathalli needs repair near main road.,en,Marathalli,street_lights,medium
Pulikeshi Nagar wali gali me street lights kaam nahi kar rahi.,hinglish,Pulikeshi Nagar,street_lights,medium
Madiwala में नगर निगम सेवा ठीक से काम नहीं कर रही है।,hi,Madiwala,public_services,medium
There is a large pothole on the road in Puttenahalli near market.,en,Puttenahalli,roads,high
Dr.Rajkumar Ward me road condition bahut kharab hai.,hinglish,Dr.Rajkumar Ward,roads,high
Puttenahalli me road par bada gadda hai near residential area.,hinglish,Puttenahalli,roads,high
Street light is not working in Hoodi near main road for one week.,en,Hoodi,street_lights,medium
Jayangar me paani jama hai aur machhar badh rahe hain.,hinglish,Jayangar,drainage,high
Chalavadipalya में सीवेज का पानी सड़क पर बह रहा है।,hi,Chalavadipalya,drainage,critical
Jakkur में नगर निगम सेवा ठीक से काम नहीं कर रही है।,hi,Jakkur,public_services,medium
Thanisandra में मच्छर बढ़ रहे हैं।,hi,Thanisandra,health_safety,critical
Konanakunte में सड़क की हालत खराब है।,hi,Konanakunte,roads,high
Jakkur में सफाई ठीक से नहीं हो रही है।,hi,Jakkur,sanitation,high
Garbage burning in Vidyaranyapura is causing smoke and breathing problems.,en,Vidyaranyapura,health_safety,critical
Kengeri में नाली का पानी सड़क पर आ रहा है।,hi,Kengeri,drainage,high
The street light in Gali Anjaneya Swamy Temple Ward has been off for several days and the road is dark.,en,Gali Anjaneya Swamy Temple Ward,street_lights,medium
Hoodi में सड़क पर बड़ा गड्ढा है।,hi,Hoodi,roads,high
Sagayapuram में मच्छर बढ़ रहे हैं।,hi,Sagayapuram,health_safety,low
Garbage is dumped openly in Kacharakanahalli near residential area.,en,Kacharakanahalli,sanitation,low
Garbage has not been collected in Giri Nagar for one week.,en,Giri Nagar,sanitation,high
Drain water is overflowing on the road in Byatarayanapura.,en,Byatarayanapura,drainage,high
Municipal service is not working properly in Gottigere.,en,Gottigere,public_services,medium
Begur me paani supply nahi aa rahi since yesterday.,hinglish,Begur,water_supply,high
K.R.Market में सड़क की हालत खराब है।,hi,K.R.Market,roads,low
Street light is not working in Dodda Bidarkallu near temple for one week.,en,Dodda Bidarkallu,street_lights,medium
Jakkur me drainage block hai near market.,hinglish,Jakkur,drainage,high
Garudacharpalya me public facility maintenance chahiye.,hinglish,Garudacharpalya,public_services,low
Sunkenahalli में सड़क की हालत खराब है।,hi,Sunkenahalli,roads,high
Maruthi Seva Nagar में गंदा पानी सप्लाई हो रहा है।,hi,Maruthi Seva Nagar,water_supply,critical
Electric pole box is open in Domlur and it is unsafe.,en,Domlur,electricity,critical
Yelahanka old Satellite Town me public service issue hai.,hinglish,Yelahanka old Satellite Town,public_services,medium
Water supply has not come in Hoodi for one week.,en,Hoodi,water_supply,high
Arakere me public facility maintenance chahiye.,hinglish,Arakere,public_services,low
Doddabommasandra में गंदा पानी सप्लाई हो रहा है।,hi,Doddabommasandra,water_supply,critical
Hosakerehalli me water pressure bahut low hai.,hinglish,Hosakerehalli,water_supply,high
Garbage has not been collected in A.Narayanapura for several days.,en,A.Narayanapura,sanitation,medium
Yelachenahalli me garbage khula pada hai near bus stop.,hinglish,Yelachenahalli,sanitation,high
Voltage fluctuation in Jnanabharathi Ward is damaging home appliances.,en,Jnanabharathi Ward,electricity,high
Lakkasandra में सड़क पर बड़ा गड्ढा है।,hi,Lakkasandra,roads,high
Sewage water is flowing on the street in Vasanthapura.,en,Vasanthapura,drainage,critical
Garbage is dumped openly in Jeevanbhima Nagar near park.,en,Jeevanbhima Nagar,sanitation,low
Nagavara me safai properly nahi ho rahi.,hinglish,Nagavara,sanitation,high
Mahalakshmipuram me paani jama hai aur machhar badh rahe hain.,hinglish,Mahalakshmipuram,drainage,high
The road in Basavanagudi is damaged and may cause accidents.,en,Basavanagudi,roads,low
Chokkasandra में कचरा जलाने से धुआं फैल रहा है।,hi,Chokkasandra,health_safety,high
Bommanahalli में सड़क की हालत खराब है।,hi,Bommanahalli,roads,high
Thanisandra me public facility maintenance chahiye.,hinglish,Thanisandra,public_services,low
Stray dogs are creating safety issues in Arakere.,en,Arakere,health_safety,critical
HSR Layout me broken road se accident ka risk hai.,hinglish,HSR Layout,roads,high
Voltage fluctuation in Dr.Rajkumar Ward is damaging home appliances.,en,Dr.Rajkumar Ward,electricity,high
H.M.T me drinking water dirty aur smell wala aa raha hai.,hinglish,H.M.T,water_supply,high
Vasanthapura wali gali me street lights kaam nahi kar rahi.,hinglish,Vasanthapura,street_lights,medium
Pipeline is leaking in Kengeri near hospital.,en,Kengeri,water_supply,high
Doddanekkundi se civic service related complaint hai.,hinglish,Doddanekkundi,public_services,low
Road condition is poor in Shanthala Nagar and vehicles are facing issues.,en,Shanthala Nagar,roads,high
Civic service request from Dodda Bidarkallu needs attention.,en,Dodda Bidarkallu,public_services,low
Yeshwanthpur me drainage block hai near park.,hinglish,Yeshwanthpur,drainage,high
Rajarajeshwari Nagar में खुले में कचरा पड़ा है।,hi,Rajarajeshwari Nagar,sanitation,high
Ward 7 me transformer se spark aa raha hai near bus stop.,hinglish,Ward 7,electricity,critical
Garbage has not been collected in Siddapura for one week.,en,Siddapura,sanitation,high
There is no electricity in Thanisandra for 2 days.,en,Thanisandra,electricity,high
Shivaji Nagar me water pressure bahut low hai.,hinglish,Shivaji Nagar,water_supply,high
Gayathri Nagar में पानी का प्रेशर बहुत कम है।,hi,Gayathri Nagar,water_supply,high
Voltage fluctuation in Rajaji Nagar is damaging home appliances.,en,Rajaji Nagar,electricity,high
Water pressure is very low in Vignana Nagar.,en,Vignana Nagar,water_supply,high
Laggere में कचरे से बदबू फैल रही है।,hi,Laggere,sanitation,critical
Civic service request from Jakkur needs attention.,en,Jakkur,public_services,low
Sunkenahalli me voltage fluctuation se appliances kharab ho rahe hain.,hinglish,Sunkenahalli,electricity,high
The street light in Kengeri has been off for 2 days and the road is dark.,en,Kengeri,street_lights,medium
Arakere में खुले में कचरा पड़ा है।,hi,Arakere,sanitation,high
Vidyaranyapura में बिजली के खंभे का बॉक्स खुला है और खतरा है।,hi,Vidyaranyapura,electricity,low
Kengeri me street light pole repair karna hai near main road.,hinglish,Kengeri,street_lights,medium
Jalahalli me nali ka paani road par aa raha hai.,hinglish,Jalahalli,drainage,high
A live electric wire is hanging in Giri Nagar near main road.,en,Giri Nagar,electricity,low
Hoodi se civic service related complaint hai.,hinglish,Hoodi,public_services,low
The street light in Kuvempu Nagar has been off for one week and the road is dark.,en,Kuvempu Nagar,street_lights,medium
A.Narayanapura में स्ट्रीट लाइट बंद है।,hi,A.Narayanapura,street_lights,medium
Ramamurthy Nagar में सड़क की मरम्मत की जरूरत है।,hi,Ramamurthy Nagar,roads,high
Doddanekkundi me kachra collect nahi hua for several days.,hinglish,Doddanekkundi,sanitation,high
C.V.Raman Nagar में कचरा नहीं उठाया गया है।,hi,C.V.Raman Nagar,sanitation,high
Chikpete में पाइपलाइन लीक हो रही है।,hi,Chikpete,water_supply,high
Bellandur में कचरा जलाने से धुआं फैल रहा है।,hi,Bellandur,health_safety,critical
Horamavu में टूटी सड़क से दुर्घटना का खतरा है।,hi,Horamavu,roads,high
Street light pole in Hemmigepura needs repair near hospital.,en,Hemmigepura,street_lights,medium
Garudacharpalya में नगर निगम सेवा ठीक से काम नहीं कर रही है।,hi,Garudacharpalya,public_services,medium
Nayandanahalli में स्ट्रीट लाइट की मरम्मत की जरूरत है।,hi,Nayandanahalli,street_lights,medium
Stray dogs are creating safety issues in Herohalli.,en,Herohalli,health_safety,critical
Water is stagnant in Bellandur and mosquitoes are increasing.,en,Bellandur,drainage,critical
Kavalbyrasandra me stray dogs se safety issue hai.,hinglish,Kavalbyrasandra,health_safety,critical
Byatarayanapura में सीवेज का पानी सड़क पर बह रहा है।,hi,Byatarayanapura,drainage,critical
Water pressure is very low in Someshwara.,en,Someshwara,water_supply,high
HSR Layout me paani jama hai aur machhar badh rahe hain.,hinglish,HSR Layout,drainage,high
Kodigehalli me road repair ki zarurat hai for 2 days.,hinglish,Kodigehalli,roads,medium
Sri Rammandira में नगर निगम सेवा ठीक से काम नहीं कर रही है।,hi,Sri Rammandira,public_services,medium
Voltage fluctuation in Hoodi is damaging home appliances.,en,Hoodi,electricity,high
Hoodi me paani jama hai aur machhar badh rahe hain.,hinglish,Hoodi,drainage,high
Sweeping has not been done in Vignana Nagar and the area is dirty.,en,Vignana Nagar,sanitation,high
Street light is not working in Kamakshipalya near bus stop for several days.,en,Kamakshipalya,street_lights,medium
Subedarapalya me machhar badh rahe hain.,hinglish,Subedarapalya,health_safety,critical
Sudduguntepalya me road condition bahut kharab hai.,hinglish,Sudduguntepalya,roads,high
The street light in Gottigere has been off for 2 days and the road is dark.,en,Gottigere,street_lights,medium
Garbage has not been collected in Bellandur for one week.,en,Bellandur,sanitation,high
Gottigere में सार्वजनिक सुरक्षा से जुड़ी समस्या है।,hi,Gottigere,health_safety,low
Bellandur में नाली बंद है।,hi,Bellandur,drainage,critical
Mahalakshmipuram me electric pole box open hai aur danger hai.,hinglish,Mahalakshmipuram,electricity,critical
K.R.Puram में पानी जमा है और मच्छर बढ़ रहे हैं।,hi,K.R.Puram,drainage,high
Indiranagar me drinking water dirty aur smell wala aa raha hai.,hinglish,Indiranagar,water_supply,low
Basavanagudi me public service issue hai.,hinglish,Basavanagudi,public_services,medium
Kottigepalya me water pressure bahut low hai.,hinglish,Kottigepalya,water_supply,high
The public facility in J.P.Nagar needs maintenance.,en,J.P.Nagar,public_services,low
Sampangiram Nagar से नागरिक सुविधा से जुड़ी शिकायत है।,hi,Sampangiram Nagar,public_services,low
Bilekahalli में नगर निगम सेवा ठीक से काम नहीं कर रही है।,hi,Bilekahalli,public_services,medium
Drainage is blocked in HBR Layout near park.,en,HBR Layout,drainage,high
The road in Singasandra is damaged and may cause accidents.,en,Singasandra,roads,high
Waste collection is not happening properly in Jakkur.,en,Jakkur,sanitation,high
Water is stagnant in Begur and mosquitoes are increasing.,en,Begur,drainage,critical
Bilekahalli me sewer water street par aa raha hai.,hinglish,Bilekahalli,drainage,critical
Drain water is overflowing on the road in Ejipura.,en,Ejipura,drainage,high
Vrushabhavati Nagar me voltage fluctuation se appliances kharab ho rahe hain.,hinglish,Vrushabhavati Nagar,electricity,high
Hebbal में वोल्टेज बार बार घट बढ़ रहा है।,hi,Hebbal,electricity,high
Road repair is needed in Govindraja Nagara for one week.,en,Govindraja Nagara,roads,high
Attiguppe wali gali me street lights kaam nahi kar rahi.,hinglish,Attiguppe,street_lights,medium
Nagarabhavi में बिजली का तार नीचे लटक रहा है।,hi,Nagarabhavi,electricity,critical
Singasandra me pipeline leak ho rahi hai near hospital.,hinglish,Singasandra,water_supply,high
Agrahara Dasarahalli me street light band hai for 2 days.,hinglish,Agrahara Dasarahalli,street_lights,medium
Bilekahalli में सीवेज का पानी सड़क पर बह रहा है।,hi,Bilekahalli,drainage,critical
Giri Nagar में सफाई ठीक से नहीं हो रही है।,hi,Giri Nagar,sanitation,high
Garbage is dumped openly in Jakkur near market.,en,Jakkur,sanitation,low
Dayananda Nagar में बिजली के खंभे का बॉक्स खुला है और खतरा है।,hi,Dayananda Nagar,electricity,low
Hoysala Nagar में सफाई ठीक से नहीं हो रही है।,hi,Hoysala Nagar,sanitation,high
Sudduguntepalya me public service issue hai.,hinglish,Sudduguntepalya,public_services,medium
Vidyaranyapura me machhar badh rahe hain.,hinglish,Vidyaranyapura,health_safety,low
Voltage fluctuation in Vrushabhavati Nagar is damaging home appliances.,en,Vrushabhavati Nagar,electricity,high
The public facility in Sampangiram Nagar needs maintenance.,en,Sampangiram Nagar,public_services,low
Shakambari Nagar में सीवेज का पानी सड़क पर बह रहा है।,hi,Shakambari Nagar,drainage,critical
H.M.T me broken road se accident ka risk hai.,hinglish,H.M.T,roads,low
Hagadooru me stray dogs se safety issue hai.,hinglish,Hagadooru,health_safety,critical
Mosquito breeding is increasing in Kodigehalli due to stagnant water.,en,Kodigehalli,health_safety,critical
Hanumantha Nagar में नगर निगम सेवा ठीक से काम नहीं कर रही है।,hi,Hanumantha Nagar,public_services,medium
There is a public safety issue in HBR Layout near park.,en,HBR Layout,health_safety,low
Jayachamarajendra Nagar me garbage burning se smoke aur breathing problem ho rahi hai.,hinglish,Jayachamarajendra Nagar,health_safety,critical
Basavanapura me pipeline leak ho rahi hai near residential area.,hinglish,Basavanapura,water_supply,high
Yelahanka में पानी की सप्लाई नहीं आ रही है।,hi,Yelahanka,water_supply,high
There is a public safety issue in Vishwanathnagenahalli near hospital.,en,Vishwanathnagenahalli,health_safety,critical
Aramane Nagar में सार्वजनिक सुविधा की मरम्मत की जरूरत है।,hi,Aramane Nagar,public_services,low
Sampangiram Nagar me dead animal pada hai aur badbu aa rahi hai.,hinglish,Sampangiram Nagar,health_safety,critical
Vidyaranyapura me dead animal pada hai aur badbu aa rahi hai.,hinglish,Vidyaranyapura,health_safety,critical
The street light in Jnanabharathi Ward has been off since yesterday and the road is dark.,en,Jnanabharathi Ward,street_lights,medium
Varthur से नागरिक सुविधा से जुड़ी शिकायत है।,hi,Varthur,public_services,low
Kengeri में स्ट्रीट लाइट की मरम्मत की जरूरत है।,hi,Kengeri,street_lights,medium
Byrasandra से नागरिक सुविधा से जुड़ी शिकायत है।,hi,Byrasandra,public_services,low
Ejipura me sewer water street par aa raha hai.,hinglish,Ejipura,drainage,low
Shakambari Nagar में सफाई ठीक से नहीं हो रही है।,hi,Shakambari Nagar,sanitation,medium
Anjanapur में सार्वजनिक सुविधा की मरम्मत की जरूरत है।,hi,Anjanapur,public_services,low
A.Narayanapura में कचरे से बदबू फैल रही है।,hi,A.Narayanapura,sanitation,critical
Bharathi Nagar में पानी जमा है और मच्छर बढ़ रहे हैं।,hi,Bharathi Nagar,drainage,high
Shivaji Nagar में कई दिनों से स्ट्रीट लाइट काम नहीं कर रही है।,hi,Shivaji Nagar,street_lights,medium
Bommanahalli me machhar badh rahe hain.,hinglish,Bommanahalli,health_safety,critical
Kodigehalli me street light band hai since yesterday.,hinglish,Kodigehalli,street_lights,medium
Sweeping has not been done in Hemmigepura and the area is dirty.,en,Hemmigepura,sanitation,medium
Water is stagnant in Vignana Nagar and mosquitoes are increasing.,en,Vignana Nagar,drainage,critical
HBR Layout me live wire latak raha hai near school.,hinglish,HBR Layout,electricity,critical
Singasandra में सड़क की मरम्मत की जरूरत है।,hi,Singasandra,roads,low
Rajajinagar me pipeline leak ho rahi hai near main road.,hinglish,Rajajinagar,water_supply,high
Uttarahalli में मच्छर बढ़ रहे हैं।,hi,Uttarahalli,health_safety,critical
There is no electricity in Kengeri for 2 days.,en,Kengeri,electricity,high
Electric pole box is open in Vijanapura and it is unsafe.,en,Vijanapura,electricity,critical
Manorayanapalya me nali ka paani road par aa raha hai.,hinglish,Manorayanapalya,drainage,high
Waste collection is not happening properly in Bilekahalli.,en,Bilekahalli,sanitation,medium
Vijanapura me road repair ki zarurat hai since yesterday.,hinglish,Vijanapura,roads,high
Kacharakanahalli में सड़क की हालत खराब है।,hi,Kacharakanahalli,roads,low
Shanthala Nagar में स्ट्रीट लाइट की मरम्मत की जरूरत है।,hi,Shanthala Nagar,street_lights,medium
Sunkenahalli me public service issue hai.,hinglish,Sunkenahalli,public_services,medium
Stray dogs are creating safety issues in Jaraganahalli.,en,Jaraganahalli,health_safety,critical
Hoysala Nagar me kachra collect nahi hua for 2 days.,hinglish,Hoysala Nagar,sanitation,high
Pipeline is leaking in Ward 8 near apartment gate.,en,Ward 8,water_supply,high
Anjanapur me public service issue hai.,hinglish,Anjanapur,public_services,medium
Jakkur me safai properly nahi ho rahi.,hinglish,Jakkur,sanitation,high
Shettyhalli में सफाई ठीक से नहीं हो रही है।,hi,Shettyhalli,sanitation,medium
Ullalu में नगर निगम सेवा ठीक से काम नहीं कर रही है।,hi,Ullalu,public_services,medium
Jnanabharathi Ward में मच्छर बढ़ रहे हैं।,hi,Jnanabharathi Ward,health_safety,critical
Gottigere me street light band hai for one week.,hinglish,Gottigere,street_lights,medium
Street light pole in Banaswadi needs repair near temple.,en,Banaswadi,street_lights,medium
Nagarabhavi में नगर निगम सेवा ठीक से काम नहीं कर रही है।,hi,Nagarabhavi,public_services,medium
Bellandur me kachre se badbu aa rahi hai.,hinglish,Bellandur,sanitation,critical
Garbage is dumped openly in Ulsoor near residential area.,en,Ulsoor,sanitation,high
Ward 7 में पीने के पानी में बदबू और गंदगी है।,hi,Ward 7,water_supply,critical
Ward 4 में ट्रांसफार्मर से चिंगारी निकल रही है।,hi,Ward 4,electricity,critical
Hoodi me contaminated water supply ho raha hai.,hinglish,Hoodi,water_supply,critical
Mosquito breeding is increasing in Rajaji Nagar due to stagnant water.,en,Rajaji Nagar,health_safety,critical
Kottigepalya में नाली बंद है।,hi,Kottigepalya,drainage,high
Pipeline is leaking in Jayanagar near school.,en,Jayanagar,water_supply,high
Mangammanapalya में सार्वजनिक सुविधा की मरम्मत की जरूरत है।,hi,Mangammanapalya,public_services,low
There is no electricity in Kamakshipalya for one week.,en,Kamakshipalya,electricity,high
Sweeping has not been done in Radhakrishna Temple and the area is dirty.,en,Radhakrishna Temple,sanitation,high
Hemmigepura me road par bada gadda hai near main road.,hinglish,Hemmigepura,roads,high
Drainage is blocked in Basavanapura near temple.,en,Basavanapura,drainage,high
Electric pole box is open in Visvesvarapuram and it is unsafe.,en,Visvesvarapuram,electricity,critical
Mosquito breeding is increasing in Dharmarayaswamy Temple Ward due to stagnant water.,en,Dharmarayaswamy Temple Ward,health_safety,critical
The road in Sri Nagar is damaged and may cause accidents.,en,Sri Nagar,roads,medium
Pipeline is leaking in Hoodi near ward office.,en,Hoodi,water_supply,high
Vannarpet me street light band hai for several days.,hinglish,Vannarpet,street_lights,medium
Herohalli में नाली बंद है।,hi,Herohalli,drainage,high
Maruthi Seva Nagar me kachra collect nahi hua since yesterday.,hinglish,Maruthi Seva Nagar,sanitation,high
Electric pole box is open in Ward 10 and it is unsafe.,en,Ward 10,electricity,critical
Ward 3 me water pressure bahut low hai.,hinglish,Ward 3,water_supply,low
The street light in HAL Airport has been off for one week and the road is dark.,en,HAL Airport,street_lights,medium
Vijanapura में बिजली के खंभे का बॉक्स खुला है और खतरा है।,hi,Vijanapura,electricity,low
Jayachamarajendra Nagar me water pressure bahut low hai.,hinglish,Jayachamarajendra Nagar,water_supply,high
Sanjay Nagar में रात को अंधेरा रहता है क्योंकि स्ट्रीट लाइट खराब है।,hi,Sanjay Nagar,street_lights,medium
Doddabommasandra me public safety issue hai near market.,hinglish,Doddabommasandra,health_safety,low
Ward 3 me live wire latak raha hai near school.,hinglish,Ward 3,electricity,critical
Street light pole in Koramangala needs repair near hospital.,en,Koramangala,street_lights,medium
Herohalli me water pressure bahut low hai.,hinglish,Herohalli,water_supply,high
There is a large pothole on the road in HBR Layout near school.,en,HBR Layout,roads,high
Road repair is needed in Bellandur for 3 days.,en,Bellandur,roads,high
Ward 1 me pipeline leak ho rahi hai near temple.,hinglish,Ward 1,water_supply,high
Mallasandra में खुले में कचरा पड़ा है।,hi,Mallasandra,sanitation,high
The road in K.R.Market is damaged and may cause accidents.,en,K.R.Market,roads,low
Drain water is overflowing on the road in Maruthi Seva Nagar.,en,Maruthi Seva Nagar,drainage,high
A.Narayanapura में टूटी सड़क से दुर्घटना का खतरा है।,hi,A.Narayanapura,roads,high
Vidyapeetha me dead animal pada hai aur badbu aa rahi hai.,hinglish,Vidyapeetha,health_safety,critical
Water supply has not come in Ward 7 for one week.,en,Ward 7,water_supply,high
J.P.Park में सड़क की मरम्मत की जरूरत है।,hi,J.P.Park,roads,medium
Road repair is needed in J.P.Park for 2 days.,en,J.P.Park,roads,high
Waste collection is not happening properly in Doddanekkundi.,en,Doddanekkundi,sanitation,high
Vignana Nagar me live wire latak raha hai near residential area.,hinglish,Vignana Nagar,electricity,critical
Attiguppe me public service issue hai.,hinglish,Attiguppe,public_services,medium
Road repair is needed in Mangammanapalya for one week.,en,Mangammanapalya,roads,high
Water is stagnant in Rajarajeshwari Nagar and mosquitoes are increasing.,en,Rajarajeshwari Nagar,drainage,critical
Garbage is dumped openly in Ullalu near residential area.,en,Ullalu,sanitation,high
Hagadooru me road repair ki zarurat hai for 2 days.,hinglish,Hagadooru,roads,medium
Bommanahalli me live wire latak raha hai near residential area.,hinglish,Bommanahalli,electricity,critical
Water supply has not come in Hagadooru since yesterday.,en,Hagadooru,water_supply,high
Okalipuram में सार्वजनिक सेवा से जुड़ी समस्या है।,hi,Okalipuram,public_services,medium
Jnanabharathi Ward से नागरिक सुविधा से जुड़ी शिकायत है।,hi,Jnanabharathi Ward,public_services,low
Street light is not working in Sri Rammandira near ward office since yesterday.,en,Sri Rammandira,street_lights,medium
Water is stagnant in Marathalli and mosquitoes are increasing.,en,Marathalli,drainage,critical
T Dasarahalli से नागरिक सुविधा से जुड़ी शिकायत है।,hi,T-Dasarahalli,public_services,low
Water supply has not come in Bellandur for one week.,en,Bellandur,water_supply,high
Gottigere wali gali me street lights kaam nahi kar rahi.,hinglish,Gottigere,street_lights,medium
Banaswadi me street light band hai for 3 days.,hinglish,Banaswadi,street_lights,medium
Bellandur में सीवेज का पानी सड़क पर बह रहा है।,hi,Bellandur,drainage,critical
Hemmigepura में पाइपलाइन लीक हो रही है।,hi,Hemmigepura,water_supply,high
Jayanagar me pipeline leak ho rahi hai near residential area.,hinglish,Jayanagar,water_supply,high
Hebbal me road repair ki zarurat hai for several days.,hinglish,Hebbal,roads,medium
Hebbal में गंदा पानी सप्लाई हो रहा है।,hi,Hebbal,water_supply,critical
Road condition is poor in Gandhi Nagar and vehicles are facing issues.,en,Gandhi Nagar,roads,high
Peenya Industrial Area में सीवेज का पानी सड़क पर बह रहा है।,hi,Peenya Industrial Area,drainage,critical
Mangammanapalya me electric pole box open hai aur danger hai.,hinglish,Mangammanapalya,electricity,critical
Anjanapur me nali ka paani road par aa raha hai.,hinglish,Anjanapur,drainage,high
Ward 8 me transformer se spark aa raha hai near temple.,hinglish,Ward 8,electricity,critical
Lakshmidevi Nagar में स्ट्रीट लाइट बंद है।,hi,Lakshmidevi Nagar,street_lights,medium
Varthur me machhar badh rahe hain.,hinglish,Varthur,health_safety,critical
Singasandra में सार्वजनिक सुरक्षा से जुड़ी समस्या है।,hi,Singasandra,health_safety,critical
H.M.T में सड़क की मरम्मत की जरूरत है।,hi,H.M.T,roads,low
Arakere se civic service related complaint hai.,hinglish,Arakere,public_services,low
Ramamurthy Nagar me bijli nahi aa rahi for 3 days.,hinglish,Ramamurthy Nagar,electricity,high
Sanjay Nagar में स्ट्रीट लाइट बंद है।,hi,Sanjay Nagar,street_lights,medium
Drinking water in Ward 6 is dirty and smells bad.,en,Ward 6,water_supply,low
There is a public service issue in Gandhi Nagar.,en,Gandhi Nagar,public_services,medium
Ward 11 में ट्रांसफार्मर से चिंगारी निकल रही है।,hi,Ward 11,electricity,critical
There is a large pothole on the road in Doddanekkundi near hospital.,en,Doddanekkundi,roads,high
Road repair is needed in Puttenahalli for several days.,en,Puttenahalli,roads,high
Ward 8 me pipeline leak ho rahi hai near bus stop.,hinglish,Ward 8,water_supply,high
Ramamurthy Nagar में कचरे से बदबू फैल रही है।,hi,Ramamurthy Nagar,sanitation,critical
Sewage water is flowing on the street in Doddanekkundi.,en,Doddanekkundi,drainage,critical
Jayanagar में पानी की सप्लाई नहीं आ रही है।,hi,Jayanagar,water_supply,high
Shettyhalli में ट्रांसफार्मर से चिंगारी निकल रही है।,hi,Shettyhalli,electricity,critical
Newthippasandra me public facility maintenance chahiye.,hinglish,Newthippasandra,public_services,low
Drinking water in Dodda Bidarkallu is dirty and smells bad.,en,Dodda Bidarkallu,water_supply,high
Laggere में नाली बंद है।,hi,Laggere,drainage,high
Ulsoor में ट्रांसफार्मर से चिंगारी निकल रही है।,hi,Ulsoor,electricity,critical
Someshwara me paani jama hai aur machhar badh rahe hain.,hinglish,Someshwara,drainage,low
There is a public service issue in Horamavu.,en,Horamavu,public_services,medium
Road repair is needed in Sunkenahalli for 3 days.,en,Sunkenahalli,roads,high
The street light in Jnanabharathi Ward has been off for several days and the road is dark.,en,Jnanabharathi Ward,street_lights,medium
Sagayapuram me garbage khula pada hai near main road.,hinglish,Sagayapuram,sanitation,high
Konanakunte में मच्छर बढ़ रहे हैं।,hi,Konanakunte,health_safety,critical
Drain water is overflowing on the road in Chikpete.,en,Chikpete,drainage,high
Waste collection is not happening properly in Rajarajeshwari Nagar.,en,Rajarajeshwari Nagar,sanitation,medium
Dodda Bidarkallu में सड़क की मरम्मत की जरूरत है।,hi,Dodda Bidarkallu,roads,high
Marathalli में कचरा जलाने से धुआं फैल रहा है।,hi,Marathalli,health_safety,critical
Rajarajeshwari Nagar me garbage khula pada hai near main road.,hinglish,Rajarajeshwari Nagar,sanitation,high
Ganga Nagar से नागरिक सुविधा से जुड़ी शिकायत है।,hi,Ganga Nagar,public_services,low
Banashankari Temple Ward में कचरा नहीं उठाया गया है।,hi,Banashankari Temple Ward,sanitation,high
Padmanabha Nagar से नागरिक सुविधा से जुड़ी शिकायत है।,hi,Padmanabha Nagar,public_services,low
Siddapura में स्ट्रीट लाइट बंद है।,hi,Siddapura,street_lights,medium
Jalahalli में सड़क पर बड़ा गड्ढा है।,hi,Jalahalli,roads,high
Chikpete me drainage block hai near apartment gate.,hinglish,Chikpete,drainage,critical
Street light pole in Adugodi needs repair near apartment gate.,en,Adugodi,street_lights,medium
A.Narayanapura में कचरा नहीं उठाया गया है।,hi,A.Narayanapura,sanitation,high
Bellandur में सड़क की हालत खराब है।,hi,Bellandur,roads,high
Pulikeshi Nagar में रात को अंधेरा रहता है क्योंकि स्ट्रीट लाइट खराब है।,hi,Pulikeshi Nagar,street_lights,medium
There is a public safety issue in Horamavu near ward office.,en,Horamavu,health_safety,critical
Kadugodi में कचरे से बदबू फैल रही है।,hi,Kadugodi,sanitation,critical
Hemmigepura me pipeline leak ho rahi hai near ward office.,hinglish,Hemmigepura,water_supply,high
Ulsoor me electric pole box open hai aur danger hai.,hinglish,Ulsoor,electricity,critical
Garbage has not been collected in Gottigere for 2 days.,en,Gottigere,sanitation,high
Pattabhiram Nagar me municipal service properly kaam nahi kar rahi.,hinglish,Pattabhiram Nagar,public_services,medium
Hagadooru में सार्वजनिक सुविधा की मरम्मत की जरूरत है।,hi,Hagadooru,public_services,low
Water pressure is very low in Yelachenahalli.,en,Yelachenahalli,water_supply,high
Kadugodi में सड़क पर बड़ा गड्ढा है।,hi,Kadugodi,roads,high
Garbage is dumped openly in HBR Layout near main road.,en,HBR Layout,sanitation,medium
Electric pole box is open in Ward 9 and it is unsafe.,en,Ward 9,electricity,critical
Jayangar me garbage khula pada hai near ward office.,hinglish,Jayangar,sanitation,high
Drinking water in Hosakerehalli is dirty and smells bad.,en,Hosakerehalli,water_supply,high
Jakkur में सार्वजनिक सेवा से जुड़ी समस्या है।,hi,Jakkur,public_services,medium
Water is stagnant in Jnanabharathi Ward and mosquitoes are increasing.,en,Jnanabharathi Ward,drainage,critical
Arakere me kachre se badbu aa rahi hai.,hinglish,Arakere,sanitation,critical
Pulikeshi Nagar me nali ka paani road par aa raha hai.,hinglish,Pulikeshi Nagar,drainage,high
Begur में नगर निगम सेवा ठीक से काम नहीं कर रही है।,hi,Begur,public_services,medium
Hosakerehalli में पीने के पानी में बदबू और गंदगी है।,hi,Hosakerehalli,water_supply,critical
Rajamahal में स्ट्रीट लाइट बंद है।,hi,Rajamahal,street_lights,medium
Drainage is blocked in Kavalbyrasandra near market.,en,Kavalbyrasandra,drainage,high
Garbage burning in Sri Rammandira is causing smoke and breathing problems.,en,Sri Rammandira,health_safety,critical
Someshwara me pipeline leak ho rahi hai near residential area.,hinglish,Someshwara,water_supply,high
Basavanapura me road condition bahut kharab hai.,hinglish,Basavanapura,roads,high
Basavanapura me raat ko andhera rehta hai street light kharab hai.,hinglish,Basavanapura,street_lights,medium
Jakkur me road condition bahut kharab hai.,hinglish,Jakkur,roads,high
There is no electricity in Konena Agrahara since yesterday.,en,Konena Agrahara,electricity,high
Road repair is needed in Yelahanka old Satellite Town for one week.,en,Yelahanka old Satellite Town,roads,high
Voltage fluctuation in Kempegowda Ward is damaging home appliances.,en,Kempegowda Ward,electricity,high
Road repair is needed in Peenya Industrial Area for one week.,en,Peenya Industrial Area,roads,high
Garbage has not been collected in Laggere since yesterday.,en,Laggere,sanitation,high
Ward 7 me bijli nahi aa rahi for 2 days.,hinglish,Ward 7,electricity,high
Kadugodi में पानी जमा है और मच्छर बढ़ रहे हैं।,hi,Kadugodi,drainage,high
Drinking water in Ullalu is dirty and smells bad.,en,Ullalu,water_supply,high
Jogupalya में खुले में कचरा पड़ा है।,hi,Jogupalya,sanitation,high
Thanisandra me street light band hai for one week.,hinglish,Thanisandra,street_lights,medium
Chikpete me safai properly nahi ho rahi.,hinglish,Chikpete,sanitation,high
Singasandra में सफाई ठीक से नहीं हो रही है।,hi,Singasandra,sanitation,medium
Jeevanbhima Nagar में सार्वजनिक सुविधा की मरम्मत की जरूरत है।,hi,Jeevanbhima Nagar,public_services,low
Mosquito breeding is increasing in Herohalli due to stagnant water.,en,Herohalli,health_safety,critical
Vidyaranyapura में सार्वजनिक सुरक्षा से जुड़ी समस्या है।,hi,Vidyaranyapura,health_safety,low
Nagapura me garbage khula pada hai near temple.,hinglish,Nagapura,sanitation,high
Someshwara me raat ko andhera rehta hai street light kharab hai.,hinglish,Someshwara,street_lights,medium
Road repair is needed in Gandhi Nagar for 2 days.,en,Gandhi Nagar,roads,medium
J.P.Nagar me broken road se accident ka risk hai.,hinglish,J.P.Nagar,roads,low
There is no electricity in Vidyaranyapura for 3 days.,en,Vidyaranyapura,electricity,high
Jnanabharathi Ward में स्ट्रीट लाइट की मरम्मत की जरूरत है।,hi,Jnanabharathi Ward,street_lights,medium
Begur में बिजली नहीं आ रही है।,hi,Begur,electricity,high
Bagalagunte में सीवेज का पानी सड़क पर बह रहा है।,hi,Bagalagunte,drainage,critical
Horamavu में सड़क पर बड़ा गड्ढा है।,hi,Horamavu,roads,high
Konanakunte me drainage block hai near hospital.,hinglish,Konanakunte,drainage,critical
Someshwara में पानी का प्रेशर बहुत कम है।,hi,Someshwara,water_supply,high
BTM Layout me bijli nahi aa rahi for 3 days.,hinglish,BTM Layout,electricity,high
Water supply has not come in Vishwanathnagenahalli for 3 days.,en,Vishwanathnagenahalli,water_supply,high
HSR Layout में वोल्टेज बार बार घट बढ़ रहा है।,hi,HSR Layout,electricity,high
Ward 2 में वोल्टेज बार बार घट बढ़ रहा है।,hi,Ward 2,electricity,high
Begur me road par bada gadda hai near market.,hinglish,Begur,roads,high
Transformer is sparking in Hebbal near residential area.,en,Hebbal,electricity,critical
Varthur में नाली बंद है।,hi,Varthur,drainage,high
Bilekahalli me street light band hai for several days.,hinglish,Bilekahalli,street_lights,medium
Contaminated water is being supplied in Jayanagar.,en,Jayanagar,water_supply,critical
Thanisandra में सफाई ठीक से नहीं हो रही है।,hi,Thanisandra,sanitation,high
Uttarahalli me machhar badh rahe hain.,hinglish,Uttarahalli,health_safety,low
Vignana Nagar me road repair ki zarurat hai for 2 days.,hinglish,Vignana Nagar,roads,medium
Someshwara में स्ट्रीट लाइट की मरम्मत की जरूरत है।,hi,Someshwara,street_lights,medium
Koramangala me nali ka paani road par aa raha hai.,hinglish,Koramangala,drainage,high
J.P.Nagar me municipal service properly kaam nahi kar rahi.,hinglish,J.P.Nagar,public_services,medium
Kumaraswamy Layout me road repair ki zarurat hai for 2 days.,hinglish,Kumaraswamy Layout,roads,medium
Mosquito breeding is increasing in Jayamahal due to stagnant water.,en,Jayamahal,health_safety,critical
Jayanagar में पाइपलाइन लीक हो रही है।,hi,Jayanagar,water_supply,low
Varthur में खुले में कचरा पड़ा है।,hi,Varthur,sanitation,high
Municipal service is not working properly in Begur.,en,Begur,public_services,medium
Someshwara me contaminated water supply ho raha hai.,hinglish,Someshwara,water_supply,critical
Contaminated water is being supplied in Bellandur.,en,Bellandur,water_supply,critical
Sudam Nagar में कचरे से बदबू फैल रही है।,hi,Sudam Nagar,sanitation,critical
Jayanagar me paani supply nahi aa rahi for one week.,hinglish,Jayanagar,water_supply,high
Mosquito breeding is increasing in Doddanekkundi due to stagnant water.,en,Doddanekkundi,health_safety,critical
Arakere me machhar badh rahe hain.,hinglish,Arakere,health_safety,critical
Jayanagar में वोल्टेज बार बार घट बढ़ रहा है।,hi,Jayanagar,electricity,high
Ward 6 me live wire latak raha hai near apartment gate.,hinglish,Ward 6,electricity,critical
Thanisandra me road repair ki zarurat hai for 2 days.,hinglish,Thanisandra,roads,high
Bagalagunte me drainage block hai near main road.,hinglish,Bagalagunte,drainage,high
Someshwara में सीवेज का पानी सड़क पर बह रहा है।,hi,Someshwara,drainage,critical
Begur में सड़क की मरम्मत की जरूरत है।,hi,Begur,roads,high
Begur में मच्छर बढ़ रहे हैं।,hi,Begur,health_safety,critical
Basavanapura me drainage block hai near market.,hinglish,Basavanapura,drainage,high
Electric pole box is open in HSR Layout and it is unsafe.,en,HSR Layout,electricity,critical
HBR Layout में बिजली का तार नीचे लटक रहा है।,hi,HBR Layout,electricity,critical
Hebbal में पानी जमा है और मच्छर बढ़ रहे हैं।,hi,Hebbal,drainage,high
K.R.Puram में सार्वजनिक सुरक्षा से जुड़ी समस्या है।,hi,K.R.Puram,health_safety,critical
Mosquito breeding is increasing in Vignana Nagar due to stagnant water.,en,Vignana Nagar,health_safety,critical
Koramangala में सड़क की हालत खराब है।,hi,Koramangala,roads,high
Water supply has not come in Maruthi Seva Nagar for 3 days.,en,Maruthi Seva Nagar,water_supply,high
Drain water is overflowing on the road in Rajarajeshwari Nagar.,en,Rajarajeshwari Nagar,drainage,high
Garbage is dumped openly in Herohalli near apartment gate.,en,Herohalli,sanitation,low
Ramamurthy Nagar me public service issue hai.,hinglish,Ramamurthy Nagar,public_services,medium
Benniganahalli me garbage khula pada hai near apartment gate.,hinglish,Benniganahalli,sanitation,high
Byatarayanapura me public service issue hai.,hinglish,Byatarayanapura,public_services,medium
Kodigehalli में रात को अंधेरा रहता है क्योंकि स्ट्रीट लाइट खराब है।,hi,Kodigehalli,street_lights,medium
Sunkenahalli me public safety issue hai near main road.,hinglish,Sunkenahalli,health_safety,critical
Transformer is sparking in Subramanya Nagar near school.,en,Subramanya Nagar,electricity,critical
Rajagopala Nagar me raat ko andhera rehta hai street light kharab hai.,hinglish,Rajagopala Nagar,street_lights,medium
A.Narayanapura me road repair ki zarurat hai for 3 days.,hinglish,A.Narayanapura,roads,medium
Thanisandra में पीने के पानी में बदबू और गंदगी है।,hi,Thanisandra,water_supply,critical
Hombegowda Nagar me broken road se accident ka risk hai.,hinglish,Hombegowda Nagar,roads,low
Electric pole box is open in Ward 3 and it is unsafe.,en,Ward 3,electricity,critical
There is no electricity in Ward 1 for several days.,en,Ward 1,electricity,high
Begur me dead animal pada hai aur badbu aa rahi hai.,hinglish,Begur,health_safety,critical
The street light in Shanthi Nagar has been off for 2 days and the road is dark.,en,Shanthi Nagar,street_lights,medium
Pipeline is leaking in Ward 8 near main road.,en,Ward 8,water_supply,high
Mangammanapalya में टूटी सड़क से दुर्घटना का खतरा है।,hi,Mangammanapalya,roads,high
Thanisandra में पाइपलाइन लीक हो रही है।,hi,Thanisandra,water_supply,high
The lane in Byatarayanapura becomes unsafe at night because street lights are not working.,en,Byatarayanapura,street_lights,critical
There is a public safety issue in Jayachamarajendra Nagar near main road.,en,Jayachamarajendra Nagar,health_safety,low
Singasandra me kachra collect nahi hua for one week.,hinglish,Singasandra,sanitation,high
J.P.Nagar se civic service related complaint hai.,hinglish,J.P.Nagar,public_services,low
Street light pole in Gayathri Nagar needs repair near residential area.,en,Gayathri Nagar,street_lights,medium
Pipeline is leaking in Ward 4 near residential area.,en,Ward 4,water_supply,high
The street light in Dodda Bidarkallu has been off for 2 days and the road is dark.,en,Dodda Bidarkallu,street_lights,medium
Kuvempu Nagar में कचरा जलाने से धुआं फैल रहा है।,hi,Kuvempu Nagar,health_safety,critical
Someshwara me public facility maintenance chahiye.,hinglish,Someshwara,public_services,low
There is a large pothole on the road in Chalavadipalya near park.,en,Chalavadipalya,roads,high
Municipal service is not working properly in Vidyapeetha.,en,Vidyapeetha,public_services,medium
Shettyhalli me live wire latak raha hai near hospital.,hinglish,Shettyhalli,electricity,critical
Basaveshwara Nagar me municipal service properly kaam nahi kar rahi.,hinglish,Basaveshwara Nagar,public_services,medium
Gali Anjaneya Swamy Temple Ward में स्ट्रीट लाइट की मरम्मत की जरूरत है।,hi,Gali Anjaneya Swamy Temple Ward,street_lights,medium
Someshwara में वोल्टेज बार बार घट बढ़ रहा है।,hi,Someshwara,electricity,high
Horamavu me road condition bahut kharab hai.,hinglish,Horamavu,roads,high
There is no electricity in Kengeri for several days.,en,Kengeri,electricity,high
Sudduguntepalya में कचरे से बदबू फैल रही है।,hi,Sudduguntepalya,sanitation,critical
Benniganahalli me public service issue hai.,hinglish,Benniganahalli,public_services,medium
Bagalagunte में पानी जमा है और मच्छर बढ़ रहे हैं।,hi,Bagalagunte,drainage,low
Chalavadipalya me road repair ki zarurat hai for several days.,hinglish,Chalavadipalya,roads,medium
Indiranagar में वोल्टेज बार बार घट बढ़ रहा है।,hi,Indiranagar,electricity,high
Drainage is blocked in Rajaji Nagar near apartment gate.,en,Rajaji Nagar,drainage,high
Neelasandra me paani supply nahi aa rahi for one week.,hinglish,Neelasandra,water_supply,high
Garudacharpalya में सार्वजनिक सुविधा की मरम्मत की जरूरत है।,hi,Garudacharpalya,public_services,low
Municipal service is not working properly in Sampangiram Nagar.,en,Sampangiram Nagar,public_services,medium
Ramamurthy Nagar में पानी जमा है और मच्छर बढ़ रहे हैं।,hi,Ramamurthy Nagar,drainage,high
Water is stagnant in Shakambari Nagar and mosquitoes are increasing.,en,Shakambari Nagar,drainage,critical
Thanisandra me public safety issue hai near bus stop.,hinglish,Thanisandra,health_safety,critical
Anjanapur me paani supply nahi aa rahi for 2 days.,hinglish,Anjanapur,water_supply,high
Gayathri Nagar me raat ko andhera rehta hai street light kharab hai.,hinglish,Gayathri Nagar,street_lights,medium
Byatarayanapura में टूटी सड़क से दुर्घटना का खतरा है।,hi,Byatarayanapura,roads,high
Drain water is overflowing on the road in Kodigehalli.,en,Kodigehalli,drainage,high
Drainage is blocked in HBR Layout near main road.,en,HBR Layout,drainage,high
Shanthala Nagar में नगर निगम सेवा ठीक से काम नहीं कर रही है।,hi,Shanthala Nagar,public_services,medium
C.V.Raman Nagar में सड़क पर बड़ा गड्ढा है।,hi,C.V.Raman Nagar,roads,high
Sewage water is flowing on the street in Singasandra.,en,Singasandra,drainage,critical
Road condition is poor in Chikpete and vehicles are facing issues.,en,Chikpete,roads,high
Ullalu me drainage block hai near residential area.,hinglish,Ullalu,drainage,high
Singasandra me garbage khula pada hai near main road.,hinglish,Singasandra,sanitation,high
Basavanapura में सफाई ठीक से नहीं हो रही है।,hi,Basavanapura,sanitation,high
Hosahalli में सार्वजनिक सुविधा की मरम्मत की जरूरत है।,hi,Hosahalli,public_services,low
Ullalu me street light band hai for several days.,hinglish,Ullalu,street_lights,medium
Thanisandra me garbage khula pada hai near apartment gate.,hinglish,Thanisandra,sanitation,high
Giri Nagar में रात को अंधेरा रहता है क्योंकि स्ट्रीट लाइट खराब है।,hi,Giri Nagar,street_lights,medium
Nayandanahalli me safai properly nahi ho rahi.,hinglish,Nayandanahalli,sanitation,high
Begur में पानी की सप्लाई नहीं आ रही है।,hi,Begur,water_supply,high
Jakkur me raat ko andhera rehta hai street light kharab hai.,hinglish,Jakkur,street_lights,medium
Sanjay Nagar me street light band hai for 2 days.,hinglish,Sanjay Nagar,street_lights,medium
Rajarajeshwari Nagar me drainage block hai near temple.,hinglish,Rajarajeshwari Nagar,drainage,high
Rajarajeshwari Nagar में पानी जमा है और मच्छर बढ़ रहे हैं।,hi,Rajarajeshwari Nagar,drainage,high
Jakkur में कचरा नहीं उठाया गया है।,hi,Jakkur,sanitation,high
Pulikeshi Nagar me road repair ki zarurat hai for one week.,hinglish,Pulikeshi Nagar,roads,medium
Dodda Bidarkallu me pipeline leak ho rahi hai near apartment gate.,hinglish,Dodda Bidarkallu,water_supply,high
Drinking water in Someshwara is dirty and smells bad.,en,Someshwara,water_supply,high
Voltage fluctuation in Manorayanapalya is damaging home appliances.,en,Manorayanapalya,electricity,high
Kumaraswamy Layout me drainage block hai near ward office.,hinglish,Kumaraswamy Layout,drainage,high
Hoysala Nagar में सार्वजनिक सुरक्षा से जुड़ी समस्या है।,hi,Hoysala Nagar,health_safety,critical
Civic service request from Ramamurthy Nagar needs attention.,en,Ramamurthy Nagar,public_services,low
Marappana Palya me garbage khula pada hai near market.,hinglish,Marappana Palya,sanitation,high
Gottigere me municipal service properly kaam nahi kar rahi.,hinglish,Gottigere,public_services,medium
Road repair is needed in Anjanapur for several days.,en,Anjanapur,roads,high
Vignana Nagar me street light band hai for several days.,hinglish,Vignana Nagar,street_lights,medium
Vrushabhavati Nagar में बिजली का तार नीचे लटक रहा है।,hi,Vrushabhavati Nagar,electricity,critical
Gurappanapalya में स्ट्रीट लाइट बंद है।,hi,Gurappanapalya,street_lights,medium
Kavalbyrasandra me nali ka paani road par aa raha hai.,hinglish,Kavalbyrasandra,drainage,high
Govindraja Nagara में सीवेज का पानी सड़क पर बह रहा है।,hi,Govindraja Nagara,drainage,critical
Agaram me garbage khula pada hai near apartment gate.,hinglish,Agaram,sanitation,high
Sudduguntepalya में सड़क की मरम्मत की जरूरत है।,hi,Sudduguntepalya,roads,high
Anjanapur में सीवेज का पानी सड़क पर बह रहा है।,hi,Anjanapur,drainage,critical
Street light pole in Hoysala Nagar needs repair near ward office.,en,Hoysala Nagar,street_lights,medium
Kottigepalya me raat ko andhera rehta hai street light kharab hai.,hinglish,Kottigepalya,street_lights,medium
Kamakshipalya me drainage block hai near hospital.,hinglish,Kamakshipalya,drainage,critical
The public facility in Jakkur needs maintenance.,en,Jakkur,public_services,low
Waste collection is not happening properly in A.Narayanapura.,en,A.Narayanapura,sanitation,high
Kumaraswamy Layout में सार्वजनिक सुविधा की मरम्मत की जरूरत है।,hi,Kumaraswamy Layout,public_services,low
Uttarahalli में कचरा जलाने से धुआं फैल रहा है।,hi,Uttarahalli,health_safety,critical
Horamavu me kachre se badbu aa rahi hai.,hinglish,Horamavu,sanitation,critical
Basavanagudi me garbage khula pada hai near school.,hinglish,Basavanagudi,sanitation,low
Road repair is needed in Chikpete for 3 days.,en,Chikpete,roads,medium
Stray dogs are creating safety issues in Mangammanapalya.,en,Mangammanapalya,health_safety,critical
Sweeping has not been done in Thanisandra and the area is dirty.,en,Thanisandra,sanitation,high
Maruthi Seva Nagar में नाली बंद है।,hi,Maruthi Seva Nagar,drainage,high
Bommanahalli me stray dogs se safety issue hai.,hinglish,Bommanahalli,health_safety,critical
Byatarayanapura me paani jama hai aur machhar badh rahe hain.,hinglish,Byatarayanapura,drainage,high
C.V.Raman Nagar me safai properly nahi ho rahi.,hinglish,C.V.Raman Nagar,sanitation,high
Vignana Nagar me kachre se badbu aa rahi hai.,hinglish,Vignana Nagar,sanitation,critical
There is a public safety issue in Shettyhalli near main road.,en,Shettyhalli,health_safety,low
Hemmigepura में ट्रांसफार्मर से चिंगारी निकल रही है।,hi,Hemmigepura,electricity,critical
Hebbal में नगर निगम सेवा ठीक से काम नहीं कर रही है।,hi,Hebbal,public_services,medium
Ganeshmandira Ward में सार्वजनिक सुविधा की मरम्मत की जरूरत है।,hi,Ganeshmandira Ward,public_services,low
Padmanabha Nagar me safai properly nahi ho rahi.,hinglish,Padmanabha Nagar,sanitation,high
Civic service request from J.P.Park needs attention.,en,J.P.Park,public_services,low
Gandhi Nagar में सड़क की मरम्मत की जरूरत है।,hi,Gandhi Nagar,roads,low
Stray dogs are creating safety issues in Laggere.,en,Laggere,health_safety,critical
Marathalli me sewer water street par aa raha hai.,hinglish,Marathalli,drainage,critical
Chowdeshwari Ward में मच्छर बढ़ रहे हैं।,hi,Chowdeshwari Ward,health_safety,low
Ward 11 me transformer se spark aa raha hai near temple.,hinglish,Ward 11,electricity,critical
Indiranagar me bijli nahi aa rahi for several days.,hinglish,Indiranagar,electricity,high
Uttarahalli me public safety issue hai near market.,hinglish,Uttarahalli,health_safety,critical
The street light in Ejipura has been off for 2 days and the road is dark.,en,Ejipura,street_lights,medium
Waste collection is not happening properly in Nayandanahalli.,en,Nayandanahalli,sanitation,high
There is a public service issue in Pattabhiram Nagar.,en,Pattabhiram Nagar,public_services,medium
Jakkur me public facility maintenance chahiye.,hinglish,Jakkur,public_services,low
Ward 3 में बिजली नहीं आ रही है।,hi,Ward 3,electricity,high
There is no electricity in Mangammanapalya for 3 days.,en,Mangammanapalya,electricity,high
Drainage is blocked in HSR Layout near temple.,en,HSR Layout,drainage,high
There is a public safety issue in Jayachamarajendra Nagar near bus stop.,en,Jayachamarajendra Nagar,health_safety,critical
Neelasandra में कई दिनों से स्ट्रीट लाइट काम नहीं कर रही है।,hi,Neelasandra,street_lights,medium
Vignana Nagar में मरा हुआ जानवर पड़ा है और बदबू आ रही है।,hi,Vignana Nagar,health_safety,critical
Shettyhalli में कई दिनों से स्ट्रीट लाइट काम नहीं कर रही है।,hi,Shettyhalli,street_lights,medium
Drain water is overflowing on the road in Hombegowda Nagar.,en,Hombegowda Nagar,drainage,high
Jeevanbhima Nagar me paani supply nahi aa rahi for 2 days.,hinglish,Jeevanbhima Nagar,water_supply,high
Stray dogs are creating safety issues in BTM Layout.,en,BTM Layout,health_safety,critical
Maruthi Seva Nagar में नगर निगम सेवा ठीक से काम नहीं कर रही है।,hi,Maruthi Seva Nagar,public_services,medium
Street light is not working in Ramaswamy Palya near park for several days.,en,Ramaswamy Palya,street_lights,medium
A dead animal is lying in Radhakrishna Temple and causing foul smell.,en,Radhakrishna Temple,health_safety,critical
The road in Hombegowda Nagar is damaged and may cause accidents.,en,Hombegowda Nagar,roads,high
Transformer is sparking in Ward 9 near park.,en,Ward 9,electricity,critical
Kengeri में वोल्टेज बार बार घट बढ़ रहा है।,hi,Kengeri,electricity,high
Stray dogs are creating safety issues in Sanjay Nagar.,en,Sanjay Nagar,health_safety,critical
Sanjay Nagar में स्ट्रीट लाइट की मरम्मत की जरूरत है।,hi,Sanjay Nagar,street_lights,medium
Dodda Bidarkallu me street light band hai for one week.,hinglish,Dodda Bidarkallu,street_lights,medium
There is a public safety issue in Sunkenahalli near ward office.,en,Sunkenahalli,health_safety,critical
Begur me stray dogs se safety issue hai.,hinglish,Begur,health_safety,critical
Bellandur में रात को अंधेरा रहता है क्योंकि स्ट्रीट लाइट खराब है।,hi,Bellandur,street_lights,medium
Jeevanbhima Nagar me public service issue hai.,hinglish,Jeevanbhima Nagar,public_services,medium
Kengeri me paani supply nahi aa rahi for 2 days.,hinglish,Kengeri,water_supply,high
Jnanabharathi Ward me kachre se badbu aa rahi hai.,hinglish,Jnanabharathi Ward,sanitation,critical
Transformer is sparking in Dharmarayaswamy Temple Ward near school.,en,Dharmarayaswamy Temple Ward,electricity,critical
Yelahanka old Satellite Town में सार्वजनिक सेवा से जुड़ी समस्या है।,hi,Yelahanka old Satellite Town,public_services,medium
There is a large pothole on the road in Horamavu near apartment gate.,en,Horamavu,roads,high
Sudduguntepalya में बिजली नहीं आ रही है।,hi,Sudduguntepalya,electricity,high
Jeevanbhima Nagar me raat ko andhera rehta hai street light kharab hai.,hinglish,Jeevanbhima Nagar,street_lights,medium
Stray dogs are creating safety issues in Hemmigepura.,en,Hemmigepura,health_safety,critical
Pipeline is leaking in Mallasandra near ward office.,en,Mallasandra,water_supply,high
Hosahalli me machhar badh rahe hain.,hinglish,Hosahalli,health_safety,low
Garbage burning in Chikpete is causing smoke and breathing problems.,en,Chikpete,health_safety,critical
HSR Layout में कई दिनों से स्ट्रीट लाइट काम नहीं कर रही है।,hi,HSR Layout,street_lights,medium
Ward 3 में ट्रांसफार्मर से चिंगारी निकल रही है।,hi,Ward 3,electricity,critical
Gali Anjaneya Swamy Temple Ward me kachre se badbu aa rahi hai.,hinglish,Gali Anjaneya Swamy Temple Ward,sanitation,critical
Begur में मरा हुआ जानवर पड़ा है और बदबू आ रही है।,hi,Begur,health_safety,critical
Basavanapura में सड़क की हालत खराब है।,hi,Basavanapura,roads,high
Yelachenahalli में गंदा पानी सप्लाई हो रहा है।,hi,Yelachenahalli,water_supply,critical
Road condition is poor in Kottigepalya and vehicles are facing issues.,en,Kottigepalya,roads,high
Kodigehalli में कई दिनों से स्ट्रीट लाइट काम नहीं कर रही है।,hi,Kodigehalli,street_lights,medium
Vasanthapura me paani jama hai aur machhar badh rahe hain.,hinglish,Vasanthapura,drainage,high
Drinking water in Koramangala is dirty and smells bad.,en,Koramangala,water_supply,low
K.R.Puram me garbage khula pada hai near bus stop.,hinglish,K.R.Puram,sanitation,low
Civic service request from Shakthiganapathi Nagar needs attention.,en,Shakthiganapathi Nagar,public_services,low
Thanisandra me machhar badh rahe hain.,hinglish,Thanisandra,health_safety,critical
Padmanabha Nagar me nali ka paani road par aa raha hai.,hinglish,Padmanabha Nagar,drainage,high
Sweeping has not been done in Doddanekkundi and the area is dirty.,en,Doddanekkundi,sanitation,high
Someshwara में कचरे से बदबू फैल रही है।,hi,Someshwara,sanitation,critical
Drainage is blocked in Govindraja Nagara near market.,en,Govindraja Nagara,drainage,critical
Voltage fluctuation in Ward 3 is damaging home appliances.,en,Ward 3,electricity,high
Jayachamarajendra Nagar में कचरा जलाने से धुआं फैल रहा है।,hi,Jayachamarajendra Nagar,health_safety,high
Chikpete me voltage fluctuation se appliances kharab ho rahe hain.,hinglish,Chikpete,electricity,high
Stray dogs are creating safety issues in Kottigepalya.,en,Kottigepalya,health_safety,critical
Garudacharpalya से नागरिक सुविधा से जुड़ी शिकायत है।,hi,Garudacharpalya,public_services,low
Transformer is sparking in BTM Layout near apartment gate.,en,BTM Layout,electricity,critical
Ganeshmandira Ward me public service issue hai.,hinglish,Ganeshmandira Ward,public_services,medium
Yelahanka me voltage fluctuation se appliances kharab ho rahe hain.,hinglish,Yelahanka,electricity,high
Rajarajeshwari Nagar में स्ट्रीट लाइट की मरम्मत की जरूरत है।,hi,Rajarajeshwari Nagar,street_lights,medium
Gottigere me public service issue hai.,hinglish,Gottigere,public_services,medium
Garbage has not been collected in C.V.Raman Nagar for 3 days.,en,C.V.Raman Nagar,sanitation,high
The street light in Rajamahal has been off for one week and the road is dark.,en,Rajamahal,street_lights,medium
Doddanekkundi में टूटी सड़क से दुर्घटना का खतरा है।,hi,Doddanekkundi,roads,high
Begur me public safety issue hai near school.,hinglish,Begur,health_safety,critical
Hebbal me transformer se spark aa raha hai near temple.,hinglish,Hebbal,electricity,critical
Rajarajeshwari Nagar me garbage khula pada hai near hospital.,hinglish,Rajarajeshwari Nagar,sanitation,high
Vidyaranyapura में ट्रांसफार्मर से चिंगारी निकल रही है।,hi,Vidyaranyapura,electricity,critical
Vignana Nagar में टूटी सड़क से दुर्घटना का खतरा है।,hi,Vignana Nagar,roads,low
Sri Rammandira me public safety issue hai near temple.,hinglish,Sri Rammandira,health_safety,critical
Thanisandra में सड़क पर बड़ा गड्ढा है।,hi,Thanisandra,roads,high
Rajajinagar में पाइपलाइन लीक हो रही है।,hi,Rajajinagar,water_supply,low
There is no electricity in Indiranagar for several days.,en,Indiranagar,electricity,high
Sweeping has not been done in Arakere and the area is dirty.,en,Arakere,sanitation,high
Thanisandra se civic service related complaint hai.,hinglish,Thanisandra,public_services,low
Thanisandra me drinking water dirty aur smell wala aa raha hai.,hinglish,Thanisandra,water_supply,high
Mosquito breeding is increasing in Ejipura due to stagnant water.,en,Ejipura,health_safety,critical
Rajajinagar me transformer se spark aa raha hai near apartment gate.,hinglish,Rajajinagar,electricity,critical
There is no electricity in Nagarabhavi for several days.,en,Nagarabhavi,electricity,high
Kumaraswamy Layout me safai properly nahi ho rahi.,hinglish,Kumaraswamy Layout,sanitation,high
The street light in Shivaji Nagar has been off since yesterday and the road is dark.,en,Shivaji Nagar,street_lights,medium
Nagapura में सफाई ठीक से नहीं हो रही है।,hi,Nagapura,sanitation,high
Kodigehalli me kachra collect nahi hua since yesterday.,hinglish,Kodigehalli,sanitation,high
Rajaji Nagar में नाली बंद है।,hi,Rajaji Nagar,drainage,high
HAL Airport में रात को अंधेरा रहता है क्योंकि स्ट्रीट लाइट खराब है।,hi,HAL Airport,street_lights,medium
Chikkalasandra me public safety issue hai near main road.,hinglish,Chikkalasandra,health_safety,critical
Water supply has not come in Thanisandra for 2 days.,en,Thanisandra,water_supply,high
Marathalli में पानी जमा है और मच्छर बढ़ रहे हैं।,hi,Marathalli,drainage,high
Sweeping has not been done in Mallasandra and the area is dirty.,en,Mallasandra,sanitation,high
Gandhi Nagar में सार्वजनिक सुविधा की मरम्मत की जरूरत है।,hi,Gandhi Nagar,public_services,low
Road condition is poor in Hongasandra and vehicles are facing issues.,en,Hongasandra,roads,high
Hemmigepura में सफाई ठीक से नहीं हो रही है।,hi,Hemmigepura,sanitation,high
Water pressure is very low in Katriguppe.,en,Katriguppe,water_supply,high
Civic service request from Sudduguntepalya needs attention.,en,Sudduguntepalya,public_services,low
Aramane Nagar me municipal service properly kaam nahi kar rahi.,hinglish,Aramane Nagar,public_services,medium
Maruthi Seva Nagar में खुले में कचरा पड़ा है।,hi,Maruthi Seva Nagar,sanitation,high
Civic service request from Vasanthapura needs attention.,en,Vasanthapura,public_services,low
There is no electricity in Ward 3 for 2 days.,en,Ward 3,electricity,high
Nandini Layout में रात को अंधेरा रहता है क्योंकि स्ट्रीट लाइट खराब है।,hi,Nandini Layout,street_lights,medium
Sweeping has not been done in Jayangar and the area is dirty.,en,Jayangar,sanitation,high
Kavalbyrasandra में बिजली नहीं आ रही है।,hi,Kavalbyrasandra,electricity,high
Sarakki me street light band hai since yesterday.,hinglish,Sarakki,street_lights,medium
Anjanapur में पाइपलाइन लीक हो रही है।,hi,Anjanapur,water_supply,high
Banaswadi में स्ट्रीट लाइट बंद है।,hi,Banaswadi,street_lights,medium
Hosakerehalli में सड़क की हालत खराब है।,hi,Hosakerehalli,roads,low
Vasanthapura me street light band hai for several days.,hinglish,Vasanthapura,street_lights,medium
Varthur me street light band hai for several days.,hinglish,Varthur,street_lights,medium
Ramamurthy Nagar में कई दिनों से स्ट्रीट लाइट काम नहीं कर रही है।,hi,Ramamurthy Nagar,street_lights,medium
Kuvempu Nagar me street light pole repair karna hai near market.,hinglish,Kuvempu Nagar,street_lights,medium
J.P.Park में मच्छर बढ़ रहे हैं।,hi,J.P.Park,health_safety,critical
Kodigehalli से नागरिक सुविधा से जुड़ी शिकायत है।,hi,Kodigehalli,public_services,low
Vijanapura me raat ko andhera rehta hai street light kharab hai.,hinglish,Vijanapura,street_lights,medium
Byatarayanapura me kachre se badbu aa rahi hai.,hinglish,Byatarayanapura,sanitation,critical
J.P.Park में टूटी सड़क से दुर्घटना का खतरा है।,hi,J.P.Park,roads,high
Bellandur में टूटी सड़क से दुर्घटना का खतरा है।,hi,Bellandur,roads,high
Vignana Nagar में आवारा कुत्तों से सुरक्षा समस्या है।,hi,Vignana Nagar,health_safety,critical
Hemmigepura me street light pole repair karna hai near residential area.,hinglish,Hemmigepura,street_lights,medium
Hoodi में टूटी सड़क से दुर्घटना का खतरा है।,hi,Hoodi,roads,high
Contaminated water is being supplied in Ward 7.,en,Ward 7,water_supply,critical
HSR Layout me garbage khula pada hai near hospital.,hinglish,HSR Layout,sanitation,high
The road in Sunkenahalli is damaged and may cause accidents.,en,Sunkenahalli,roads,medium
The lane in Dodda Bidarkallu becomes unsafe at night because street lights are not working.,en,Dodda Bidarkallu,street_lights,critical
Doddanekkundi में सार्वजनिक सेवा से जुड़ी समस्या है।,hi,Doddanekkundi,public_services,medium
Whitefield में पीने के पानी में बदबू और गंदगी है।,hi,Whitefield,water_supply,critical
HSR Layout में सार्वजनिक सुविधा की मरम्मत की जरूरत है।,hi,HSR Layout,public_services,low
Mathikere me paani jama hai aur machhar badh rahe hain.,hinglish,Mathikere,drainage,low
Domlur में नगर निगम सेवा ठीक से काम नहीं कर रही है।,hi,Domlur,public_services,medium
Shakambari Nagar me paani jama hai aur machhar badh rahe hain.,hinglish,Shakambari Nagar,drainage,high
Someshwara me electric pole box open hai aur danger hai.,hinglish,Someshwara,electricity,critical
Shakthiganapathi Nagar se civic service related complaint hai.,hinglish,Shakthiganapathi Nagar,public_services,low
Rajarajeshwari Nagar में सार्वजनिक सुविधा की मरम्मत की जरूरत है।,hi,Rajarajeshwari Nagar,public_services,low
The lane in Subramanya Nagar becomes unsafe at night because street lights are not working.,en,Subramanya Nagar,street_lights,critical
Pipeline is leaking in Ward 10 near school.,en,Ward 10,water_supply,high
Someshwara में स्ट्रीट लाइट बंद है।,hi,Someshwara,street_lights,medium
Benniganahalli me kachra collect nahi hua for several days.,hinglish,Benniganahalli,sanitation,high
There is a public service issue in Chikpete.,en,Chikpete,public_services,medium
Kempapura Agrahara में बिजली नहीं आ रही है।,hi,Kempapura Agrahara,electricity,high
Garudacharpalya me municipal service properly kaam nahi kar rahi.,hinglish,Garudacharpalya,public_services,medium
Hoysala Nagar me nali ka paani road par aa raha hai.,hinglish,Hoysala Nagar,drainage,high
Electric pole box is open in Kadugodi and it is unsafe.,en,Kadugodi,electricity,critical
Ramamurthy Nagar में पाइपलाइन लीक हो रही है।,hi,Ramamurthy Nagar,water_supply,high
Arakere में सड़क पर बड़ा गड्ढा है।,hi,Arakere,roads,high
Vasanthapura में खुले में कचरा पड़ा है।,hi,Vasanthapura,sanitation,high
Anjanapur में कचरा नहीं उठाया गया है।,hi,Anjanapur,sanitation,high
There is no electricity in Jakkur for 3 days.,en,Jakkur,electricity,high
Dodda Bidarkallu me street light band hai for several days.,hinglish,Dodda Bidarkallu,street_lights,medium
There is a large pothole on the road in Vignana Nagar near bus stop.,en,Vignana Nagar,roads,high
Water supply has not come in Ward 11 for 3 days.,en,Ward 11,water_supply,high
Banaswadi में सार्वजनिक सुविधा की मरम्मत की जरूरत है।,hi,Banaswadi,public_services,low
K.R.Puram में कचरे से बदबू फैल रही है।,hi,K.R.Puram,sanitation,critical
Water supply has not come in Dr.Rajkumar Ward for several days.,en,Dr.Rajkumar Ward,water_supply,high
Sudduguntepalya me nali ka paani road par aa raha hai.,hinglish,Sudduguntepalya,drainage,high
There is a public safety issue in Newthippasandra near main road.,en,Newthippasandra,health_safety,critical
There is a public safety issue in Ulsoor near residential area.,en,Ulsoor,health_safety,low
Koramangala me drinking water dirty aur smell wala aa raha hai.,hinglish,Koramangala,water_supply,low
Ward 1 में पीने के पानी में बदबू और गंदगी है।,hi,Ward 1,water_supply,critical
Chikpete में वोल्टेज बार बार घट बढ़ रहा है।,hi,Chikpete,electricity,high
Shanthala Nagar से नागरिक सुविधा से जुड़ी शिकायत है।,hi,Shanthala Nagar,public_services,low
There is a public service issue in Ullalu.,en,Ullalu,public_services,medium
Road repair is needed in Dodda Bidarkallu since yesterday.,en,Dodda Bidarkallu,roads,high
Sunkenahalli me kachre se badbu aa rahi hai.,hinglish,Sunkenahalli,sanitation,critical
Rajarajeshwari Nagar में कचरा नहीं उठाया गया है।,hi,Rajarajeshwari Nagar,sanitation,high
Vasanthapura से नागरिक सुविधा से जुड़ी शिकायत है।,hi,Vasanthapura,public_services,low
There is no electricity in Devasandra since yesterday.,en,Devasandra,electricity,high
Maruthi Seva Nagar me municipal service properly kaam nahi kar rahi.,hinglish,Maruthi Seva Nagar,public_services,medium
A dead animal is lying in K.R.Puram and causing foul smell.,en,K.R.Puram,health_safety,critical
Rajamahal me street light band hai for one week.,hinglish,Rajamahal,street_lights,medium
Street light pole in Kushal Nagar needs repair near park.,en,Kushal Nagar,street_lights,medium
Vasanthapura me nali ka paani road par aa raha hai.,hinglish,Vasanthapura,drainage,high
Vidyaranyapura में सार्वजनिक सुविधा की मरम्मत की जरूरत है।,hi,Vidyaranyapura,public_services,low
Jnanabharathi Ward में कचरा नहीं उठाया गया है।,hi,Jnanabharathi Ward,sanitation,high
Municipal service is not working properly in Thanisandra.,en,Thanisandra,public_services,medium
Singasandra में सार्वजनिक सेवा से जुड़ी समस्या है।,hi,Singasandra,public_services,medium
Benniganahalli में सार्वजनिक सुविधा की मरम्मत की जरूरत है।,hi,Benniganahalli,public_services,low
Stray dogs are creating safety issues in Vidyaranyapura.,en,Vidyaranyapura,health_safety,critical
Bagalagunte में सड़क पर बड़ा गड्ढा है।,hi,Bagalagunte,roads,high
J.P.Nagar wali gali me street lights kaam nahi kar rahi.,hinglish,J.P.Nagar,street_lights,medium
Dr.Rajkumar Ward wali gali me street lights kaam nahi kar rahi.,hinglish,Dr.Rajkumar Ward,street_lights,medium
Devarajeevanahalli me drainage block hai near park.,hinglish,Devarajeevanahalli,drainage,high
Ward 7 में पानी का प्रेशर बहुत कम है।,hi,Ward 7,water_supply,high
Civic service request from Ullalu needs attention.,en,Ullalu,public_services,low
Water is stagnant in Byatarayanapura and mosquitoes are increasing.,en,Byatarayanapura,drainage,critical
Attiguppe में सार्वजनिक सेवा से जुड़ी समस्या है।,hi,Attiguppe,public_services,medium
Laggere में मच्छर बढ़ रहे हैं।,hi,Laggere,health_safety,critical
Drinking water in Ward 3 is dirty and smells bad.,en,Ward 3,water_supply,low
Drainage is blocked in Sri Rammandira near market.,en,Sri Rammandira,drainage,high
Katriguppe में सफाई ठीक से नहीं हो रही है।,hi,Katriguppe,sanitation,high
Newthippasandra से नागरिक सुविधा से जुड़ी शिकायत है।,hi,Newthippasandra,public_services,low
Chikkalasandra me street light band hai since yesterday.,hinglish,Chikkalasandra,street_lights,medium
Varthur me safai properly nahi ho rahi.,hinglish,Varthur,sanitation,high
J.P.Nagar में सड़क की मरम्मत की जरूरत है।,hi,J.P.Nagar,roads,low
Indiranagar में पानी की सप्लाई नहीं आ रही है।,hi,Indiranagar,water_supply,high
Marathalli me kachra collect nahi hua since yesterday.,hinglish,Marathalli,sanitation,high
There is a public safety issue in Begur near market.,en,Begur,health_safety,critical
Gali Anjaneya Swamy Temple Ward में सफाई ठीक से नहीं हो रही है।,hi,Gali Anjaneya Swamy Temple Ward,sanitation,high
Street light is not working in Hoysala Nagar near market for 2 days.,en,Hoysala Nagar,street_lights,medium
Katriguppe में टूटी सड़क से दुर्घटना का खतरा है।,hi,Katriguppe,roads,high
Laggere में कई दिनों से स्ट्रीट लाइट काम नहीं कर रही है।,hi,Laggere,street_lights,medium
Arakere में बिजली का तार नीचे लटक रहा है।,hi,Arakere,electricity,critical
Ward 9 में पाइपलाइन लीक हो रही है।,hi,Ward 9,water_supply,low
Byatarayanapura me bijli nahi aa rahi for 2 days.,hinglish,Byatarayanapura,electricity,high
Hoodi me dead animal pada hai aur badbu aa rahi hai.,hinglish,Hoodi,health_safety,critical
Kengeri में बिजली का तार नीचे लटक रहा है।,hi,Kengeri,electricity,critical
Peenya Industrial Area में सड़क की हालत खराब है।,hi,Peenya Industrial Area,roads,high
Hongasandra में सार्वजनिक सुविधा की मरम्मत की जरूरत है।,hi,Hongasandra,public_services,low
Someshwara me pipeline leak ho rahi hai near apartment gate.,hinglish,Someshwara,water_supply,high
Hoysala Nagar में मच्छर बढ़ रहे हैं।,hi,Hoysala Nagar,health_safety,critical
The lane in Singasandra becomes unsafe at night because street lights are not working.,en,Singasandra,street_lights,critical
Drain water is overflowing on the road in Kadugodi.,en,Kadugodi,drainage,high
There is a public service issue in Padmanabha Nagar.,en,Padmanabha Nagar,public_services,medium
Arakere में कई दिनों से स्ट्रीट लाइट काम नहीं कर रही है।,hi,Arakere,street_lights,medium
Hemmigepura me voltage fluctuation se appliances kharab ho rahe hain.,hinglish,Hemmigepura,electricity,high
Vasanthapura me municipal service properly kaam nahi kar rahi.,hinglish,Vasanthapura,public_services,medium
Sweeping has not been done in Vasanthapura and the area is dirty.,en,Vasanthapura,sanitation,high
Dodda Bidarkallu me drainage block hai near main road.,hinglish,Dodda Bidarkallu,drainage,high
Singasandra में सड़क पर बड़ा गड्ढा है।,hi,Singasandra,roads,high
Horamavu me broken road se accident ka risk hai.,hinglish,Horamavu,roads,high
Ullalu में सार्वजनिक सुविधा की मरम्मत की जरूरत है।,hi,Ullalu,public_services,low
Sagayapuram me raat ko andhera rehta hai street light kharab hai.,hinglish,Sagayapuram,street_lights,medium
Garbage has not been collected in Jayangar for 3 days.,en,Jayangar,sanitation,high
Contaminated water is being supplied in Begur.,en,Begur,water_supply,critical
Someshwara me drinking water dirty aur smell wala aa raha hai.,hinglish,Someshwara,water_supply,high
Indiranagar में बिजली के खंभे का बॉक्स खुला है और खतरा है।,hi,Indiranagar,electricity,low
Attiguppe me voltage fluctuation se appliances kharab ho rahe hain.,hinglish,Attiguppe,electricity,high
Municipal service is not working properly in Mahalakshmipuram.,en,Mahalakshmipuram,public_services,medium
Voltage fluctuation in Ward 1 is damaging home appliances.,en,Ward 1,electricity,high
K.R.Puram me live wire latak raha hai near hospital.,hinglish,K.R.Puram,electricity,critical
Ramaswamy Palya se civic service related complaint hai.,hinglish,Ramaswamy Palya,public_services,low
Vannarpet में सड़क की हालत खराब है।,hi,Vannarpet,roads,low
Stray dogs are creating safety issues in Subedarapalya.,en,Subedarapalya,health_safety,critical
Voltage fluctuation in Ward 4 is damaging home appliances.,en,Ward 4,electricity,high
Someshwara में बिजली नहीं आ रही है।,hi,Someshwara,electricity,high
The street light in J.P.Nagar has been off for 2 days and the road is dark.,en,J.P.Nagar,street_lights,medium
Begur me machhar badh rahe hain.,hinglish,Begur,health_safety,critical
Kavalbyrasandra me transformer se spark aa raha hai near main road.,hinglish,Kavalbyrasandra,electricity,critical
There is a public service issue in Hongasandra.,en,Hongasandra,public_services,medium
Water supply has not come in Ward 1 for one week.,en,Ward 1,water_supply,high
Street light pole in Nayandanahalli needs repair near ward office.,en,Nayandanahalli,street_lights,medium
Drainage is blocked in Bellandur near residential area.,en,Bellandur,drainage,critical
Rajarajeshwari Nagar me public safety issue hai near temple.,hinglish,Rajarajeshwari Nagar,health_safety,low
Bellandur me garbage burning se smoke aur breathing problem ho rahi hai.,hinglish,Bellandur,health_safety,critical
Sri Nagar se civic service related complaint hai.,hinglish,Sri Nagar,public_services,low
Vasanthapura me garbage khula pada hai near school.,hinglish,Vasanthapura,sanitation,high
A live electric wire is hanging in Indiranagar near hospital.,en,Indiranagar,electricity,low
Hoodi me paani supply nahi aa rahi for several days.,hinglish,Hoodi,water_supply,high
Vasanthapura में मरा हुआ जानवर पड़ा है और बदबू आ रही है।,hi,Vasanthapura,health_safety,critical
Road repair is needed in Vrushabhavati Nagar for 2 days.,en,Vrushabhavati Nagar,roads,medium
Shankaramata me paani supply nahi aa rahi since yesterday.,hinglish,Shankaramata,water_supply,high
The public facility in Ramaswamy Palya needs maintenance.,en,Ramaswamy Palya,public_services,low
Stray dogs are creating safety issues in Doddabommasandra.,en,Doddabommasandra,health_safety,critical
Yelahanka me transformer se spark aa raha hai near hospital.,hinglish,Yelahanka,electricity,critical
Siddapura me street light pole repair karna hai near market.,hinglish,Siddapura,street_lights,medium
Bommanahalli me street light band hai for 3 days.,hinglish,Bommanahalli,street_lights,medium
Road repair is needed in Vijanapura for one week.,en,Vijanapura,roads,high
Garbage is dumped openly in Vrushabhavati Nagar near main road.,en,Vrushabhavati Nagar,sanitation,high
Bagalagunte me nali ka paani road par aa raha hai.,hinglish,Bagalagunte,drainage,high
Sarakki में कई दिनों से स्ट्रीट लाइट काम नहीं कर रही है।,hi,Sarakki,street_lights,medium
Sarakki me public service issue hai.,hinglish,Sarakki,public_services,medium
Water supply has not come in Ward 11 for one week.,en,Ward 11,water_supply,high
Street light is not working in Hemmigepura near market for one week.,en,Hemmigepura,street_lights,medium
Varthur me paani jama hai aur machhar badh rahe hain.,hinglish,Varthur,drainage,critical
A dead animal is lying in Jnanabharathi Ward and causing foul smell.,en,Jnanabharathi Ward,health_safety,critical
Street light pole in Siddapura needs repair near apartment gate.,en,Siddapura,street_lights,medium
Kempegowda Ward में स्ट्रीट लाइट की मरम्मत की जरूरत है।,hi,Kempegowda Ward,street_lights,medium
Hemmigepura me drainage block hai near school.,hinglish,Hemmigepura,drainage,high
K.R.Puram में कचरा जलाने से धुआं फैल रहा है।,hi,K.R.Puram,health_safety,critical
Sunkenahalli me electric pole box open hai aur danger hai.,hinglish,Sunkenahalli,electricity,critical
Rajajinagar me voltage fluctuation se appliances kharab ho rahe hain.,hinglish,Rajajinagar,electricity,high
There is no electricity in Ward 9 for 2 days.,en,Ward 9,electricity,high
Vidyaranyapura में सफाई ठीक से नहीं हो रही है।,hi,Vidyaranyapura,sanitation,medium
Vidyaranyapura में स्ट्रीट लाइट की मरम्मत की जरूरत है।,hi,Vidyaranyapura,street_lights,medium
Basavanapura me paani jama hai aur machhar badh rahe hain.,hinglish,Basavanapura,drainage,high
Vignana Nagar me kachra collect nahi hua for 2 days.,hinglish,Vignana Nagar,sanitation,high
Koramangala me stray dogs se safety issue hai.,hinglish,Koramangala,health_safety,critical
Sunkenahalli में आवारा कुत्तों से सुरक्षा समस्या है।,hi,Sunkenahalli,health_safety,critical
Chikpete में टूटी सड़क से दुर्घटना का खतरा है।,hi,Chikpete,roads,low
Garbage has not been collected in Attiguppe since yesterday.,en,Attiguppe,sanitation,high
Uttarahalli में मरा हुआ जानवर पड़ा है और बदबू आ रही है।,hi,Uttarahalli,health_safety,critical
Nagarabhavi me municipal service properly kaam nahi kar rahi.,hinglish,Nagarabhavi,public_services,medium
Waste collection is not happening properly in Lingarajapuram.,en,Lingarajapuram,sanitation,medium
Dharmarayaswamy Temple Ward me electric pole box open hai aur danger hai.,hinglish,Dharmarayaswamy Temple Ward,electricity,critical
Koramangala में पीने के पानी में बदबू और गंदगी है।,hi,Koramangala,water_supply,critical
Street light is not working in Arakere near residential area for 3 days.,en,Arakere,street_lights,medium
Begur में पानी का प्रेशर बहुत कम है।,hi,Begur,water_supply,high
Ganga Nagar me nali ka paani road par aa raha hai.,hinglish,Ganga Nagar,drainage,high
Dodda Bidarkallu में ट्रांसफार्मर से चिंगारी निकल रही है।,hi,Dodda Bidarkallu,electricity,critical
Civic service request from Attiguppe needs attention.,en,Attiguppe,public_services,low
Giri Nagar में सार्वजनिक सुविधा की मरम्मत की जरूरत है।,hi,Giri Nagar,public_services,low
Rajarajeshwari Nagar में सफाई ठीक से नहीं हो रही है।,hi,Rajarajeshwari Nagar,sanitation,high
Basavanapura में मरा हुआ जानवर पड़ा है और बदबू आ रही है।,hi,Basavanapura,health_safety,critical
HBR Layout में सड़क पर बड़ा गड्ढा है।,hi,HBR Layout,roads,high
Hampi Nagar में बिजली का तार नीचे लटक रहा है।,hi,Hampi Nagar,electricity,critical
Kumaraswamy Layout में सड़क की हालत खराब है।,hi,Kumaraswamy Layout,roads,low
Shanthala Nagar me broken road se accident ka risk hai.,hinglish,Shanthala Nagar,roads,medium
Voltage fluctuation in Yelahanka is damaging home appliances.,en,Yelahanka,electricity,high
A dead animal is lying in Bommanahalli and causing foul smell.,en,Bommanahalli,health_safety,critical
Konanakunte me road condition bahut kharab hai.,hinglish,Konanakunte,roads,high
Sri Rammandira में कचरा जलाने से धुआं फैल रहा है।,hi,Sri Rammandira,health_safety,critical
Dharmarayaswamy Temple Ward में सड़क की मरम्मत की जरूरत है।,hi,Dharmarayaswamy Temple Ward,roads,low
Drainage is blocked in Basavanapura near bus stop.,en,Basavanapura,drainage,high
Sweeping has not been done in Bagalagunte and the area is dirty.,en,Bagalagunte,sanitation,high
Begur me road repair ki zarurat hai for one week.,hinglish,Begur,roads,high
Civic service request from Hemmigepura needs attention.,en,Hemmigepura,public_services,low
Waste collection is not happening properly in Someshwara.,en,Someshwara,sanitation,high
Kumaraswamy Layout me public service issue hai.,hinglish,Kumaraswamy Layout,public_services,medium
Bellandur में पानी की सप्लाई नहीं आ रही है।,hi,Bellandur,water_supply,high
Bagalagunte me sewer water street par aa raha hai.,hinglish,Bagalagunte,drainage,critical
Gottigere में नगर निगम सेवा ठीक से काम नहीं कर रही है।,hi,Gottigere,public_services,medium
Kempegowda Ward में पाइपलाइन लीक हो रही है।,hi,Kempegowda Ward,water_supply,high
Marappana Palya me public facility maintenance chahiye.,hinglish,Marappana Palya,public_services,low
Anjanapur में स्ट्रीट लाइट की मरम्मत की जरूरत है।,hi,Anjanapur,street_lights,medium
Hemmigepura se civic service related complaint hai.,hinglish,Hemmigepura,public_services,low
Pipeline is leaking in Ramamurthy Nagar near park.,en,Ramamurthy Nagar,water_supply,high
Ward 12 में पानी की सप्लाई नहीं आ रही है।,hi,Ward 12,water_supply,high
K.R.Puram में मरा हुआ जानवर पड़ा है और बदबू आ रही है।,hi,K.R.Puram,health_safety,critical
Vasanthapura se civic service related complaint hai.,hinglish,Vasanthapura,public_services,low
The lane in K.R.Puram becomes unsafe at night because street lights are not working.,en,K.R.Puram,street_lights,critical
Voltage fluctuation in Shettyhalli is damaging home appliances.,en,Shettyhalli,electricity,high
Electric pole box is open in Shettyhalli and it is unsafe.,en,Shettyhalli,electricity,critical
Thanisandra में सार्वजनिक सेवा से जुड़ी समस्या है।,hi,Thanisandra,public_services,medium
Byatarayanapura में स्ट्रीट लाइट की मरम्मत की जरूरत है।,hi,Byatarayanapura,street_lights,medium
Singasandra me road repair ki zarurat hai since yesterday.,hinglish,Singasandra,roads,high
Hoodi me raat ko andhera rehta hai street light kharab hai.,hinglish,Hoodi,street_lights,medium
Drainage is blocked in Hebbal near park.,en,Hebbal,drainage,high
There is a large pothole on the road in Koramangala near hospital.,en,Koramangala,roads,high
Mangammanapalya me road par bada gadda hai near school.,hinglish,Mangammanapalya,roads,high
Hemmigepura me public safety issue hai near main road.,hinglish,Hemmigepura,health_safety,critical
Vijanapura में टूटी सड़क से दुर्घटना का खतरा है।,hi,Vijanapura,roads,high
Vishwanathnagenahalli me kachra collect nahi hua since yesterday.,hinglish,Vishwanathnagenahalli,sanitation,high
Hemmigepura में खुले में कचरा पड़ा है।,hi,Hemmigepura,sanitation,high
Voltage fluctuation in Ward 7 is damaging home appliances.,en,Ward 7,electricity,high
Waste collection is not happening properly in BTM Layout.,en,BTM Layout,sanitation,high
Pipeline is leaking in C.V.Raman Nagar near residential area.,en,C.V.Raman Nagar,water_supply,high
Street light is not working in Hanumantha Nagar near residential area for 2 days.,en,Hanumantha Nagar,street_lights,medium
Ward 9 me voltage fluctuation se appliances kharab ho rahe hain.,hinglish,Ward 9,electricity,high
Uttarahalli में पानी की सप्लाई नहीं आ रही है।,hi,Uttarahalli,water_supply,high
There is no electricity in Yelahanka for one week.,en,Yelahanka,electricity,high
Street light is not working in Someshwara near ward office since yesterday.,en,Someshwara,street_lights,medium
A dead animal is lying in HSR Layout and causing foul smell.,en,HSR Layout,health_safety,critical
Garbage is dumped openly in HSR Layout near ward office.,en,HSR Layout,sanitation,high
Vannarpet में पीने के पानी में बदबू और गंदगी है।,hi,Vannarpet,water_supply,critical
Civic service request from Yelachenahalli needs attention.,en,Yelachenahalli,public_services,low
Municipal service is not working properly in Dr.Rajkumar Ward.,en,Dr.Rajkumar Ward,public_services,medium
T Dasarahalli में सड़क की हालत खराब है।,hi,T-Dasarahalli,roads,low
Mosquito breeding is increasing in Moodalapalya due to stagnant water.,en,Moodalapalya,health_safety,critical
The street light in Horamavu has been off for several days and the road is dark.,en,Horamavu,street_lights,medium
Garbage is dumped openly in Vasanthapura near ward office.,en,Vasanthapura,sanitation,high
Bommanahalli में कचरा जलाने से धुआं फैल रहा है।,hi,Bommanahalli,health_safety,critical
Ramamurthy Nagar में कचरा नहीं उठाया गया है।,hi,Ramamurthy Nagar,sanitation,high
Kottigepalya me sewer water street par aa raha hai.,hinglish,Kottigepalya,drainage,high
Hagadooru में आवारा कुत्तों से सुरक्षा समस्या है।,hi,Hagadooru,health_safety,low
Attiguppe में बिजली का तार नीचे लटक रहा है।,hi,Attiguppe,electricity,critical
Ullalu में सीवेज का पानी सड़क पर बह रहा है।,hi,Ullalu,drainage,critical
Anjanapur में नाली का पानी सड़क पर आ रहा है।,hi,Anjanapur,drainage,high
Gandhi Nagar wali gali me street lights kaam nahi kar rahi.,hinglish,Gandhi Nagar,street_lights,medium
Vannarpet me contaminated water supply ho raha hai.,hinglish,Vannarpet,water_supply,critical
There is a public safety issue in K.R.Puram near main road.,en,K.R.Puram,health_safety,critical
Waste collection is not happening properly in Kavalbyrasandra.,en,Kavalbyrasandra,sanitation,low
Sewage water is flowing on the street in Ramamurthy Nagar.,en,Ramamurthy Nagar,drainage,critical
Stray dogs are creating safety issues in Konena Agrahara.,en,Konena Agrahara,health_safety,critical
Hebbal me transformer se spark aa raha hai near market.,hinglish,Hebbal,electricity,critical
Marathalli में सफाई ठीक से नहीं हो रही है।,hi,Marathalli,sanitation,high
The lane in Kengeri becomes unsafe at night because street lights are not working.,en,Kengeri,street_lights,critical
Contaminated water is being supplied in Someshwara.,en,Someshwara,water_supply,critical
Vidyaranyapura me kachre se badbu aa rahi hai.,hinglish,Vidyaranyapura,sanitation,critical
Road repair is needed in Horamavu for one week.,en,Horamavu,roads,high
Yadiyuru में सार्वजनिक सुविधा की मरम्मत की जरूरत है।,hi,Yadiyuru,public_services,low
Bellandur में सार्वजनिक सुरक्षा से जुड़ी समस्या है।,hi,Bellandur,health_safety,low
Kadugodi me kachre se badbu aa rahi hai.,hinglish,Kadugodi,sanitation,critical
There is a public service issue in Vijanapura.,en,Vijanapura,public_services,medium
A dead animal is lying in Uttarahalli and causing foul smell.,en,Uttarahalli,health_safety,critical
Garbage is dumped openly in HSR Layout near temple.,en,HSR Layout,sanitation,high
Street light is not working in Ullalu near main road for one week.,en,Ullalu,street_lights,medium
Katriguppe me contaminated water supply ho raha hai.,hinglish,Katriguppe,water_supply,critical
Maruthi Seva Nagar में सार्वजनिक सुविधा की मरम्मत की जरूरत है।,hi,Maruthi Seva Nagar,public_services,low
K.R.Puram में स्ट्रीट लाइट की मरम्मत की जरूरत है।,hi,K.R.Puram,street_lights,medium
Puttenahalli में नाली बंद है।,hi,Puttenahalli,drainage,high
Street light pole in Vidyaranyapura needs repair near bus stop.,en,Vidyaranyapura,street_lights,medium
Voltage fluctuation in Marappana Palya is damaging home appliances.,en,Marappana Palya,electricity,high
Anjanapur में सड़क की मरम्मत की जरूरत है।,hi,Anjanapur,roads,low
The street light in Vasanthapura has been off for several days and the road is dark.,en,Vasanthapura,street_lights,medium
Mosquito breeding is increasing in Begur due to stagnant water.,en,Begur,health_safety,critical
There is a large pothole on the road in Gayathri Nagar near market.,en,Gayathri Nagar,roads,high
Singasandra me raat ko andhera rehta hai street light kharab hai.,hinglish,Singasandra,street_lights,medium
Jayangar में खुले में कचरा पड़ा है।,hi,Jayangar,sanitation,high
Ward 9 me bijli nahi aa rahi for several days.,hinglish,Ward 9,electricity,high
The road in Vasanthapura is damaged and may cause accidents.,en,Vasanthapura,roads,low
There is a public service issue in Anjanapur.,en,Anjanapur,public_services,medium
Water is stagnant in Varthur and mosquitoes are increasing.,en,Varthur,drainage,critical
Moodalapalya में टूटी सड़क से दुर्घटना का खतरा है।,hi,Moodalapalya,roads,high
Thanisandra में आवारा कुत्तों से सुरक्षा समस्या है।,hi,Thanisandra,health_safety,critical
Ward 8 में पीने के पानी में बदबू और गंदगी है।,hi,Ward 8,water_supply,critical
Ward 8 में गंदा पानी सप्लाई हो रहा है।,hi,Ward 8,water_supply,critical
Voltage fluctuation in Someshwara is damaging home appliances.,en,Someshwara,electricity,high
Yelachenahalli me live wire latak raha hai near main road.,hinglish,Yelachenahalli,electricity,critical
J.P.Park में सार्वजनिक सुविधा की मरम्मत की जरूरत है।,hi,J.P.Park,public_services,low
Jeevanbhima Nagar me water pressure bahut low hai.,hinglish,Jeevanbhima Nagar,water_supply,high
HBR Layout me road repair ki zarurat hai for several days.,hinglish,HBR Layout,roads,medium
Bagalagunte me road par bada gadda hai near temple.,hinglish,Bagalagunte,roads,high
Vijanapura में खुले में कचरा पड़ा है।,hi,Vijanapura,sanitation,high
Chikkalasandra में स्ट्रीट लाइट की मरम्मत की जरूरत है।,hi,Chikkalasandra,street_lights,medium
Nagarabhavi में सार्वजनिक सुविधा की मरम्मत की जरूरत है।,hi,Nagarabhavi,public_services,low
Hebbal me drinking water dirty aur smell wala aa raha hai.,hinglish,Hebbal,water_supply,low
Gottigere में सड़क की हालत खराब है।,hi,Gottigere,roads,low
Dodda Bidarkallu me street light band hai since yesterday.,hinglish,Dodda Bidarkallu,street_lights,medium
Chikkalasandra में स्ट्रीट लाइट बंद है।,hi,Chikkalasandra,street_lights,medium
Byrasandra में खुले में कचरा पड़ा है।,hi,Byrasandra,sanitation,high
Herohalli me contaminated water supply ho raha hai.,hinglish,Herohalli,water_supply,critical
The street light in Singasandra has been off for one week and the road is dark.,en,Singasandra,street_lights,medium
Marathalli में आवारा कुत्तों से सुरक्षा समस्या है।,hi,Marathalli,health_safety,critical
Kodigehalli me raat ko andhera rehta hai street light kharab hai.,hinglish,Kodigehalli,street_lights,medium
Shakambari Nagar me garbage khula pada hai near temple.,hinglish,Shakambari Nagar,sanitation,medium
Marenahalli me municipal service properly kaam nahi kar rahi.,hinglish,Marenahalli,public_services,medium
Horamavu me stray dogs se safety issue hai.,hinglish,Horamavu,health_safety,critical
Dharmarayaswamy Temple Ward me public facility maintenance chahiye.,hinglish,Dharmarayaswamy Temple Ward,public_services,low
Jayanagar me bijli nahi aa rahi for 2 days.,hinglish,Jayanagar,electricity,high
Electric pole box is open in Kempapura Agrahara and it is unsafe.,en,Kempapura Agrahara,electricity,critical
Konanakunte me raat ko andhera rehta hai street light kharab hai.,hinglish,Konanakunte,street_lights,medium
Horamavu me street light pole repair karna hai near bus stop.,hinglish,Horamavu,street_lights,medium
Vijanapura me safai properly nahi ho rahi.,hinglish,Vijanapura,sanitation,medium
Vasanthapura me raat ko andhera rehta hai street light kharab hai.,hinglish,Vasanthapura,street_lights,medium
BTM Layout me live wire latak raha hai near ward office.,hinglish,BTM Layout,electricity,critical
Ward 9 me transformer se spark aa raha hai near temple.,hinglish,Ward 9,electricity,critical
Waste collection is not happening properly in Madiwala.,en,Madiwala,sanitation,high
A.Narayanapura में खुले में कचरा पड़ा है।,hi,A.Narayanapura,sanitation,high
Water is stagnant in Sri Nagar and mosquitoes are increasing.,en,Sri Nagar,drainage,critical
Byatarayanapura में पाइपलाइन लीक हो रही है।,hi,Byatarayanapura,water_supply,high
Konena Agrahara me drainage block hai near main road.,hinglish,Konena Agrahara,drainage,high
Giri Nagar में स्ट्रीट लाइट की मरम्मत की जरूरत है।,hi,Giri Nagar,street_lights,medium
Municipal service is not working properly in Jeevanbhima Nagar.,en,Jeevanbhima Nagar,public_services,medium
Hebbal में नाली बंद है।,hi,Hebbal,drainage,high
Thanisandra में कचरा नहीं उठाया गया है।,hi,Thanisandra,sanitation,high
Uttarahalli me road repair ki zarurat hai for 3 days.,hinglish,Uttarahalli,roads,medium
A live electric wire is hanging in Yelahanka near bus stop.,en,Yelahanka,electricity,low
There is a large pothole on the road in Lakkasandra near bus stop.,en,Lakkasandra,roads,high
Hongasandra में सार्वजनिक सेवा से जुड़ी समस्या है।,hi,Hongasandra,public_services,medium
Someshwara me nali ka paani road par aa raha hai.,hinglish,Someshwara,drainage,critical
Gali Anjaneya Swamy Temple Ward me street light band hai for 3 days.,hinglish,Gali Anjaneya Swamy Temple Ward,street_lights,medium
Thanisandra me road repair ki zarurat hai for several days.,hinglish,Thanisandra,roads,high
Doddabommasandra me drinking water dirty aur smell wala aa raha hai.,hinglish,Doddabommasandra,water_supply,high
A live electric wire is hanging in Banaswadi near school.,en,Banaswadi,electricity,low
Electric pole box is open in Hebbal and it is unsafe.,en,Hebbal,electricity,critical
Vasanthapura me road condition bahut kharab hai.,hinglish,Vasanthapura,roads,high
Gandhi Nagar में वोल्टेज बार बार घट बढ़ रहा है।,hi,Gandhi Nagar,electricity,high
Ward 7 me live wire latak raha hai near ward office.,hinglish,Ward 7,electricity,critical
Ulsoor me garbage khula pada hai near apartment gate.,hinglish,Ulsoor,sanitation,high
Road condition is poor in Kodigehalli and vehicles are facing issues.,en,Kodigehalli,roads,high
Kottigepalya में सीवेज का पानी सड़क पर बह रहा है।,hi,Kottigepalya,drainage,critical
There is a public safety issue in Chowdeshwari Ward near park.,en,Chowdeshwari Ward,health_safety,low
Jayachamarajendra Nagar se civic service related complaint hai.,hinglish,Jayachamarajendra Nagar,public_services,low
Ramamurthy Nagar me street light pole repair karna hai near temple.,hinglish,Ramamurthy Nagar,street_lights,medium
Chalavadipalya में सड़क की हालत खराब है।,hi,Chalavadipalya,roads,low
There is no electricity in Gottigere since yesterday.,en,Gottigere,electricity,high
Horamavu में पीने के पानी में बदबू और गंदगी है।,hi,Horamavu,water_supply,critical
There is a large pothole on the road in Chikkalasandra near temple.,en,Chikkalasandra,roads,high
Hosakerehalli में सीवेज का पानी सड़क पर बह रहा है।,hi,Hosakerehalli,drainage,critical
Jnanabharathi Ward में पानी जमा है और मच्छर बढ़ रहे हैं।,hi,Jnanabharathi Ward,drainage,high
Vidyaranyapura me live wire latak raha hai near bus stop.,hinglish,Vidyaranyapura,electricity,critical
The road in Arakere is damaged and may cause accidents.,en,Arakere,roads,medium
Waste collection is not happening properly in Dattathreya Temple.,en,Dattathreya Temple,sanitation,low
Adugodi me voltage fluctuation se appliances kharab ho rahe hain.,hinglish,Adugodi,electricity,high
Drainage is blocked in Begur near park.,en,Begur,drainage,high
Jayanagar me bijli nahi aa rahi for one week.,hinglish,Jayanagar,electricity,high
The street light in Sanjay Nagar has been off for 2 days and the road is dark.,en,Sanjay Nagar,street_lights,medium
Kumaraswamy Layout में सार्वजनिक सुरक्षा से जुड़ी समस्या है।,hi,Kumaraswamy Layout,health_safety,critical
Vasanthapura me street light band hai for one week.,hinglish,Vasanthapura,street_lights,medium
Chamrajpet में स्ट्रीट लाइट की मरम्मत की जरूरत है।,hi,Chamrajpet,street_lights,medium
Ullalu me street light pole repair karna hai near bus stop.,hinglish,Ullalu,street_lights,medium
K.R.Puram me machhar badh rahe hain.,hinglish,K.R.Puram,health_safety,critical
Vishwanathnagenahalli में बिजली के खंभे का बॉक्स खुला है और खतरा है।,hi,Vishwanathnagenahalli,electricity,low
Marathalli me raat ko andhera rehta hai street light kharab hai.,hinglish,Marathalli,street_lights,medium
Vidyaranyapura se civic service related complaint hai.,hinglish,Vidyaranyapura,public_services,low
K.R.Puram me garbage burning se smoke aur breathing problem ho rahi hai.,hinglish,K.R.Puram,health_safety,critical
Dodda Bidarkallu से नागरिक सुविधा से जुड़ी शिकायत है।,hi,Dodda Bidarkallu,public_services,low
Road repair is needed in Kumaraswamy Layout since yesterday.,en,Kumaraswamy Layout,roads,medium
Ward 10 me voltage fluctuation se appliances kharab ho rahe hain.,hinglish,Ward 10,electricity,high
Uttarahalli में टूटी सड़क से दुर्घटना का खतरा है।,hi,Uttarahalli,roads,low
Kempegowda Ward से नागरिक सुविधा से जुड़ी शिकायत है।,hi,Kempegowda Ward,public_services,low
Drainage is blocked in Marathalli near market.,en,Marathalli,drainage,high
Koramangala में स्ट्रीट लाइट की मरम्मत की जरूरत है।,hi,Koramangala,street_lights,medium
Kushal Nagar me street light pole repair karna hai near temple.,hinglish,Kushal Nagar,street_lights,medium
HSR Layout me stray dogs se safety issue hai.,hinglish,HSR Layout,health_safety,critical
Sewage water is flowing on the street in Domlur.,en,Domlur,drainage,critical
Someshwara me voltage fluctuation se appliances kharab ho rahe hain.,hinglish,Someshwara,electricity,high
Jnanabharathi Ward में खुले में कचरा पड़ा है।,hi,Jnanabharathi Ward,sanitation,high
Basavanagudi me pipeline leak ho rahi hai near apartment gate.,hinglish,Basavanagudi,water_supply,high
The public facility in Hosakerehalli needs maintenance.,en,Hosakerehalli,public_services,low
Civic service request from Jayachamarajendra Nagar needs attention.,en,Jayachamarajendra Nagar,public_services,low
Marathalli me stray dogs se safety issue hai.,hinglish,Marathalli,health_safety,critical
Katriguppe में सड़क की मरम्मत की जरूरत है।,hi,Katriguppe,roads,low
Contaminated water is being supplied in Basavanagudi.,en,Basavanagudi,water_supply,critical
Begur me contaminated water supply ho raha hai.,hinglish,Begur,water_supply,critical
There is a public service issue in Vasanth Nagar.,en,Vasanth Nagar,public_services,medium
Maruthi Seva Nagar me kachra collect nahi hua for 3 days.,hinglish,Maruthi Seva Nagar,sanitation,high
Bharathi Nagar me drainage block hai near residential area.,hinglish,Bharathi Nagar,drainage,high
Ward 10 me drinking water dirty aur smell wala aa raha hai.,hinglish,Ward 10,water_supply,low
Uttarahalli me drinking water dirty aur smell wala aa raha hai.,hinglish,Uttarahalli,water_supply,high
Sweeping has not been done in Jeevanbhima Nagar and the area is dirty.,en,Jeevanbhima Nagar,sanitation,high
The street light in Someshwara has been off for one week and the road is dark.,en,Someshwara,street_lights,medium
Puttenahalli में सार्वजनिक सुरक्षा से जुड़ी समस्या है।,hi,Puttenahalli,health_safety,critical
Hoodi me road condition bahut kharab hai.,hinglish,Hoodi,roads,high
Domlur me drainage block hai near temple.,hinglish,Domlur,drainage,high
Herohalli से नागरिक सुविधा से जुड़ी शिकायत है।,hi,Herohalli,public_services,low
Bapuji Nagar me electric pole box open hai aur danger hai.,hinglish,Bapuji Nagar,electricity,critical
Rayapuram में नाली बंद है।,hi,Rayapuram,drainage,high
Kacharakanahalli me municipal service properly kaam nahi kar rahi.,hinglish,Kacharakanahalli,public_services,medium
Vasanthapura me public service issue hai.,hinglish,Vasanthapura,public_services,medium
Dr.Rajkumar Ward me broken road se accident ka risk hai.,hinglish,Dr.Rajkumar Ward,roads,medium
Dharmarayaswamy Temple Ward me dead animal pada hai aur badbu aa rahi hai.,hinglish,Dharmarayaswamy Temple Ward,health_safety,critical
T Dasarahalli में ट्रांसफार्मर से चिंगारी निकल रही है।,hi,T-Dasarahalli,electricity,critical
Hongasandra me kachre se badbu aa rahi hai.,hinglish,Hongasandra,sanitation,critical
Jeevanbhima Nagar में सफाई ठीक से नहीं हो रही है।,hi,Jeevanbhima Nagar,sanitation,medium
Vidyaranyapura me public facility maintenance chahiye.,hinglish,Vidyaranyapura,public_services,low
Rajarajeshwari Nagar me safai properly nahi ho rahi.,hinglish,Rajarajeshwari Nagar,sanitation,high
Water is stagnant in Govindraja Nagara and mosquitoes are increasing.,en,Govindraja Nagara,drainage,critical
Waste collection is not happening properly in Hemmigepura.,en,Hemmigepura,sanitation,high
Jayanagar me water pressure bahut low hai.,hinglish,Jayanagar,water_supply,low
Vignana Nagar में कई दिनों से स्ट्रीट लाइट काम नहीं कर रही है।,hi,Vignana Nagar,street_lights,medium
Ward 4 में वोल्टेज बार बार घट बढ़ रहा है।,hi,Ward 4,electricity,high
Begur me sewer water street par aa raha hai.,hinglish,Begur,drainage,high
There is no electricity in Ward 8 for several days.,en,Ward 8,electricity,high
A dead animal is lying in Katriguppe and causing foul smell.,en,Katriguppe,health_safety,critical
Hemmigepura में बिजली का तार नीचे लटक रहा है।,hi,Hemmigepura,electricity,critical
Garbage is dumped openly in Benniganahalli near hospital.,en,Benniganahalli,sanitation,high
Basavanapura me public service issue hai.,hinglish,Basavanapura,public_services,medium
There is a public safety issue in Someshwara near main road.,en,Someshwara,health_safety,critical
Civic service request from Koramangala needs attention.,en,Koramangala,public_services,low
Manorayanapalya में नगर निगम सेवा ठीक से काम नहीं कर रही है।,hi,Manorayanapalya,public_services,medium
The public facility in Vasanthapura needs maintenance.,en,Vasanthapura,public_services,low
Hosahalli में कचरा जलाने से धुआं फैल रहा है।,hi,Hosahalli,health_safety,high
Ullalu me road repair ki zarurat hai for one week.,hinglish,Ullalu,roads,high
Sudam Nagar me drainage block hai near hospital.,hinglish,Sudam Nagar,drainage,high
Ward 8 में वोल्टेज बार बार घट बढ़ रहा है।,hi,Ward 8,electricity,high
Jayangar me kachra collect nahi hua for 2 days.,hinglish,Jayangar,sanitation,high
K.R.Puram me stray dogs se safety issue hai.,hinglish,K.R.Puram,health_safety,critical
Drainage is blocked in Radhakrishna Temple near main road.,en,Radhakrishna Temple,drainage,high
The lane in Gali Anjaneya Swamy Temple Ward becomes unsafe at night because street lights are not working.,en,Gali Anjaneya Swamy Temple Ward,street_lights,critical
Mosquito breeding is increasing in Vidyaranyapura due to stagnant water.,en,Vidyaranyapura,health_safety,critical
The street light in Yelachenahalli has been off for one week and the road is dark.,en,Yelachenahalli,street_lights,medium
Municipal service is not working properly in Byatarayanapura.,en,Byatarayanapura,public_services,medium
Puttenahalli me machhar badh rahe hain.,hinglish,Puttenahalli,health_safety,critical
Civic service request from Sunkenahalli needs attention.,en,Sunkenahalli,public_services,low
H.M.T में नगर निगम सेवा ठीक से काम नहीं कर रही है।,hi,H.M.T,public_services,medium
Mangammanapalya me dead animal pada hai aur badbu aa rahi hai.,hinglish,Mangammanapalya,health_safety,critical
Chikpete me transformer se spark aa raha hai near hospital.,hinglish,Chikpete,electricity,critical
T Dasarahalli me public service issue hai.,hinglish,T-Dasarahalli,public_services,medium
Sanjay Nagar में पीने के पानी में बदबू और गंदगी है।,hi,Sanjay Nagar,water_supply,critical
Ward 8 में पानी का प्रेशर बहुत कम है।,hi,Ward 8,water_supply,high
Dodda Bidarkallu में रात को अंधेरा रहता है क्योंकि स्ट्रीट लाइट खराब है।,hi,Dodda Bidarkallu,street_lights,medium
A dead animal is lying in Thanisandra and causing foul smell.,en,Thanisandra,health_safety,critical
Water pressure is very low in Ward 6.,en,Ward 6,water_supply,low
Hosakerehalli me dead animal pada hai aur badbu aa rahi hai.,hinglish,Hosakerehalli,health_safety,critical
Basavanagudi me road condition bahut kharab hai.,hinglish,Basavanagudi,roads,high
There is a public safety issue in Hosakerehalli near main road.,en,Hosakerehalli,health_safety,critical
Water is stagnant in HBR Layout and mosquitoes are increasing.,en,HBR Layout,drainage,critical
Doddanekkundi me kachra collect nahi hua since yesterday.,hinglish,Doddanekkundi,sanitation,high
Jayangar में कचरा नहीं उठाया गया है।,hi,Jayangar,sanitation,high
The road in Nagavara is damaged and may cause accidents.,en,Nagavara,roads,high
Doddanekkundi में बिजली का तार नीचे लटक रहा है।,hi,Doddanekkundi,electricity,critical
Garudacharpalya me water pressure bahut low hai.,hinglish,Garudacharpalya,water_supply,high
Voltage fluctuation in HBR Layout is damaging home appliances.,en,HBR Layout,electricity,high
Stray dogs are creating safety issues in Horamavu.,en,Horamavu,health_safety,critical
Varthur me drainage block hai near school.,hinglish,Varthur,drainage,critical
Uttarahalli me kachre se badbu aa rahi hai.,hinglish,Uttarahalli,sanitation,critical
Laggere me sewer water street par aa raha hai.,hinglish,Laggere,drainage,high
Hagadooru से नागरिक सुविधा से जुड़ी शिकायत है।,hi,Hagadooru,public_services,low
Hoysala Nagar me stray dogs se safety issue hai.,hinglish,Hoysala Nagar,health_safety,critical
Drain water is overflowing on the road in Doddanekkundi.,en,Doddanekkundi,drainage,critical
Yelahanka me paani supply nahi aa rahi for one week.,hinglish,Yelahanka,water_supply,high
Gandhi Nagar में पानी जमा है और मच्छर बढ़ रहे हैं।,hi,Gandhi Nagar,drainage,high
Doddanekkundi में नाली का पानी सड़क पर आ रहा है।,hi,Doddanekkundi,drainage,critical
Water pressure is very low in Kengeri.,en,Kengeri,water_supply,high
Ejipura me street light band hai for one week.,hinglish,Ejipura,street_lights,medium
There is no electricity in Kavalbyrasandra for 2 days.,en,Kavalbyrasandra,electricity,high
Street light pole in Kodigehalli needs repair near ward office.,en,Kodigehalli,street_lights,medium
Chalavadipalya me broken road se accident ka risk hai.,hinglish,Chalavadipalya,roads,low
J.P.Nagar me public facility maintenance chahiye.,hinglish,J.P.Nagar,public_services,low
Agrahara Dasarahalli में स्ट्रीट लाइट की मरम्मत की जरूरत है।,hi,Agrahara Dasarahalli,street_lights,medium
Gottigere में नाली का पानी सड़क पर आ रहा है।,hi,Gottigere,drainage,high
Yadiyuru me public service issue hai.,hinglish,Yadiyuru,public_services,medium
Jnanabharathi Ward में सार्वजनिक सुविधा की मरम्मत की जरूरत है।,hi,Jnanabharathi Ward,public_services,low
Vidyaranyapura me bijli nahi aa rahi since yesterday.,hinglish,Vidyaranyapura,electricity,high
Drinking water in Hagadooru is dirty and smells bad.,en,Hagadooru,water_supply,high
Sri Rammandira में कई दिनों से स्ट्रीट लाइट काम नहीं कर रही है।,hi,Sri Rammandira,street_lights,medium
Ganeshmandira Ward में रात को अंधेरा रहता है क्योंकि स्ट्रीट लाइट खराब है।,hi,Ganeshmandira Ward,street_lights,medium
Sanjay Nagar में सार्वजनिक सुरक्षा से जुड़ी समस्या है।,hi,Sanjay Nagar,health_safety,critical
Contaminated water is being supplied in Herohalli.,en,Herohalli,water_supply,critical
Jayanagar East में स्ट्रीट लाइट बंद है।,hi,Jayanagar East,street_lights,medium
Gandhi Nagar me public facility maintenance chahiye.,hinglish,Gandhi Nagar,public_services,low
Giri Nagar में खुले में कचरा पड़ा है।,hi,Giri Nagar,sanitation,high
Ramamurthy Nagar me raat ko andhera rehta hai street light kharab hai.,hinglish,Ramamurthy Nagar,street_lights,medium
The public facility in Hagadooru needs maintenance.,en,Hagadooru,public_services,low
The road in Begur is damaged and may cause accidents.,en,Begur,roads,high
Mangammanapalya में सार्वजनिक सेवा से जुड़ी समस्या है।,hi,Mangammanapalya,public_services,medium
Civic service request from Vasanth Nagar needs attention.,en,Vasanth Nagar,public_services,low
Bellandur me pipeline leak ho rahi hai near market.,hinglish,Bellandur,water_supply,high
HSR Layout me public service issue hai.,hinglish,HSR Layout,public_services,medium
Transformer is sparking in Chokkasandra near residential area.,en,Chokkasandra,electricity,critical
Sewage water is flowing on the street in Hagadooru.,en,Hagadooru,drainage,critical
Maruthi Seva Nagar me paani jama hai aur machhar badh rahe hain.,hinglish,Maruthi Seva Nagar,drainage,high
Garbage is dumped openly in Hemmigepura near bus stop.,en,Hemmigepura,sanitation,high
Ward 2 me pipeline leak ho rahi hai near residential area.,hinglish,Ward 2,water_supply,high
Hemmigepura me safai properly nahi ho rahi.,hinglish,Hemmigepura,sanitation,high
A.Narayanapura में नगर निगम सेवा ठीक से काम नहीं कर रही है।,hi,A.Narayanapura,public_services,medium
Arakere me raat ko andhera rehta hai street light kharab hai.,hinglish,Arakere,street_lights,medium
Ward 1 में ट्रांसफार्मर से चिंगारी निकल रही है।,hi,Ward 1,electricity,critical
The public facility in Byatarayanapura needs maintenance.,en,Byatarayanapura,public_services,low
Gurappanapalya me street light pole repair karna hai near park.,hinglish,Gurappanapalya,street_lights,medium
Ramamurthy Nagar me garbage khula pada hai near hospital.,hinglish,Ramamurthy Nagar,sanitation,high
Kempegowda Ward में सार्वजनिक सुरक्षा से जुड़ी समस्या है।,hi,Kempegowda Ward,health_safety,critical
Ramamurthy Nagar में नगर निगम सेवा ठीक से काम नहीं कर रही है।,hi,Ramamurthy Nagar,public_services,medium
A live electric wire is hanging in Ward 1 near residential area.,en,Ward 1,electricity,low
Radhakrishna Temple me drainage block hai near temple.,hinglish,Radhakrishna Temple,drainage,high
Ullalu में सार्वजनिक सेवा से जुड़ी समस्या है।,hi,Ullalu,public_services,medium
Herohalli me machhar badh rahe hain.,hinglish,Herohalli,health_safety,critical
The road in Someshwara is damaged and may cause accidents.,en,Someshwara,roads,high
Water pressure is very low in Hagadooru.,en,Hagadooru,water_supply,high
Street light is not working in Hongasandra near apartment gate for one week.,en,Hongasandra,street_lights,medium
Hoodi me stray dogs se safety issue hai.,hinglish,Hoodi,health_safety,critical
The public facility in Benniganahalli needs maintenance.,en,Benniganahalli,public_services,low
Yelachenahalli me public facility maintenance chahiye.,hinglish,Yelachenahalli,public_services,low
Doddanekkundi me broken road se accident ka risk hai.,hinglish,Doddanekkundi,roads,low
HBR Layout में सड़क की हालत खराब है।,hi,HBR Layout,roads,high
Hebbal में सड़क पर बड़ा गड्ढा है।,hi,Hebbal,roads,high
Stray dogs are creating safety issues in Kuvempu Nagar.,en,Kuvempu Nagar,health_safety,critical
Ramamurthy Nagar में बिजली का तार नीचे लटक रहा है।,hi,Ramamurthy Nagar,electricity,critical
Ward 9 me transformer se spark aa raha hai near apartment gate.,hinglish,Ward 9,electricity,critical
Rajarajeshwari Nagar me sewer water street par aa raha hai.,hinglish,Rajarajeshwari Nagar,drainage,high
Mosquito breeding is increasing in Sunkenahalli due to stagnant water.,en,Sunkenahalli,health_safety,critical
Radhakrishna Temple में पानी जमा है और मच्छर बढ़ रहे हैं।,hi,Radhakrishna Temple,drainage,high
Banaswadi में रात को अंधेरा रहता है क्योंकि स्ट्रीट लाइट खराब है।,hi,Banaswadi,street_lights,medium
Ward 2 में बिजली के खंभे का बॉक्स खुला है और खतरा है।,hi,Ward 2,electricity,low
Bellandur में नगर निगम सेवा ठीक से काम नहीं कर रही है।,hi,Bellandur,public_services,medium
Road repair is needed in J.P.Park since yesterday.,en,J.P.Park,roads,medium
Street light pole in Padmanabha Nagar needs repair near bus stop.,en,Padmanabha Nagar,street_lights,medium
Municipal service is not working properly in Sri Nagar.,en,Sri Nagar,public_services,medium
Rajarajeshwari Nagar में मच्छर बढ़ रहे हैं।,hi,Rajarajeshwari Nagar,health_safety,low
Pattabhiram Nagar में टूटी सड़क से दुर्घटना का खतरा है।,hi,Pattabhiram Nagar,roads,low
The public facility in Dharmarayaswamy Temple Ward needs maintenance.,en,Dharmarayaswamy Temple Ward,public_services,low
Giri Nagar me public facility maintenance chahiye.,hinglish,Giri Nagar,public_services,low
The road in Horamavu is damaged and may cause accidents.,en,Horamavu,roads,high
Arakere me electric pole box open hai aur danger hai.,hinglish,Arakere,electricity,critical
Ramamurthy Nagar में टूटी सड़क से दुर्घटना का खतरा है।,hi,Ramamurthy Nagar,roads,low
Chikpete me garbage burning se smoke aur breathing problem ho rahi hai.,hinglish,Chikpete,health_safety,critical
Doddanekkundi me municipal service properly kaam nahi kar rahi.,hinglish,Doddanekkundi,public_services,medium
Puttenahalli में बिजली के खंभे का बॉक्स खुला है और खतरा है।,hi,Puttenahalli,electricity,low
C.V.Raman Nagar में कचरे से बदबू फैल रही है।,hi,C.V.Raman Nagar,sanitation,critical
Horamavu me raat ko andhera rehta hai street light kharab hai.,hinglish,Horamavu,street_lights,medium
Vasanth Nagar में सड़क पर बड़ा गड्ढा है।,hi,Vasanth Nagar,roads,high
Someshwara में गंदा पानी सप्लाई हो रहा है।,hi,Someshwara,water_supply,critical
Giri Nagar me road par bada gadda hai near ward office.,hinglish,Giri Nagar,roads,high
Gottigere में कचरा जलाने से धुआं फैल रहा है।,hi,Gottigere,health_safety,critical
Gottigere me drainage block hai near park.,hinglish,Gottigere,drainage,critical
Jnanabharathi Ward me safai properly nahi ho rahi.,hinglish,Jnanabharathi Ward,sanitation,high
Marappana Palya में बिजली नहीं आ रही है।,hi,Marappana Palya,electricity,high
Hemmigepura में स्ट्रीट लाइट की मरम्मत की जरूरत है।,hi,Hemmigepura,street_lights,medium
Thanisandra me safai properly nahi ho rahi.,hinglish,Thanisandra,sanitation,high
Vasanthapura me road par bada gadda hai near bus stop.,hinglish,Vasanthapura,roads,high
Pipeline is leaking in Jakkur near temple.,en,Jakkur,water_supply,high
There is a large pothole on the road in Varthur near school.,en,Varthur,roads,high
Singasandra me paani jama hai aur machhar badh rahe hain.,hinglish,Singasandra,drainage,critical
The public facility in Jnanabharathi Ward needs maintenance.,en,Jnanabharathi Ward,public_services,low
The public facility in Manorayanapalya needs maintenance.,en,Manorayanapalya,public_services,low
There is a public safety issue in J.P.Park near temple.,en,J.P.Park,health_safety,critical
Peenya Industrial Area me public safety issue hai near park.,hinglish,Peenya Industrial Area,health_safety,low
Padmanabha Nagar me kachra collect nahi hua for 2 days.,hinglish,Padmanabha Nagar,sanitation,high
Arakere में मच्छर बढ़ रहे हैं।,hi,Arakere,health_safety,critical
Road repair is needed in Begur for 3 days.,en,Begur,roads,high
Someshwara में टूटी सड़क से दुर्घटना का खतरा है।,hi,Someshwara,roads,low
Mosquito breeding is increasing in Jnanabharathi Ward due to stagnant water.,en,Jnanabharathi Ward,health_safety,critical
Road condition is poor in Hosakerehalli and vehicles are facing issues.,en,Hosakerehalli,roads,high
Pattabhiram Nagar से नागरिक सुविधा से जुड़ी शिकायत है।,hi,Pattabhiram Nagar,public_services,low
Vasanthapura me public facility maintenance chahiye.,hinglish,Vasanthapura,public_services,low
Road condition is poor in Singasandra and vehicles are facing issues.,en,Singasandra,roads,high
Varthur में पानी की सप्लाई नहीं आ रही है।,hi,Varthur,water_supply,high
Hemmigepura me machhar badh rahe hain.,hinglish,Hemmigepura,health_safety,low
Contaminated water is being supplied in Ramamurthy Nagar.,en,Ramamurthy Nagar,water_supply,critical
Sunkenahalli से नागरिक सुविधा से जुड़ी शिकायत है।,hi,Sunkenahalli,public_services,low
Sweeping has not been done in Horamavu and the area is dirty.,en,Horamavu,sanitation,high
Shettyhalli में नाली बंद है।,hi,Shettyhalli,drainage,high
Water is stagnant in Dodda Bidarkallu and mosquitoes are increasing.,en,Dodda Bidarkallu,drainage,critical
Road repair is needed in Jalahalli since yesterday.,en,Jalahalli,roads,high
Vrushabhavati Nagar में कचरा नहीं उठाया गया है।,hi,Vrushabhavati Nagar,sanitation,high
Electric pole box is open in Sunkenahalli and it is unsafe.,en,Sunkenahalli,electricity,critical
Gottigere me nali ka paani road par aa raha hai.,hinglish,Gottigere,drainage,high
Water supply has not come in Kengeri since yesterday.,en,Kengeri,water_supply,high
The road in Bellandur is damaged and may cause accidents.,en,Bellandur,roads,high
Jayanagar में पानी का प्रेशर बहुत कम है।,hi,Jayanagar,water_supply,high
Ramamurthy Nagar me drainage block hai near ward office.,hinglish,Ramamurthy Nagar,drainage,high
Herohalli में मरा हुआ जानवर पड़ा है और बदबू आ रही है।,hi,Herohalli,health_safety,critical
Water supply has not come in Jayanagar for 3 days.,en,Jayanagar,water_supply,high
Jayanagar me live wire latak raha hai near bus stop.,hinglish,Jayanagar,electricity,critical
Water pressure is very low in Hemmigepura.,en,Hemmigepura,water_supply,high
The lane in Bagalagunte becomes unsafe at night because street lights are not working.,en,Bagalagunte,street_lights,critical
Kengeri me drinking water dirty aur smell wala aa raha hai.,hinglish,Kengeri,water_supply,low
Sri Rammandira me nali ka paani road par aa raha hai.,hinglish,Sri Rammandira,drainage,high
Hombegowda Nagar में सड़क की हालत खराब है।,hi,Hombegowda Nagar,roads,low
There is a large pothole on the road in Sunkenahalli near residential area.,en,Sunkenahalli,roads,high
Water supply has not come in Jayanagar for one week.,en,Jayanagar,water_supply,high
Ramamurthy Nagar me garbage burning se smoke aur breathing problem ho rahi hai.,hinglish,Ramamurthy Nagar,health_safety,critical
Vasanthapura में सार्वजनिक सुविधा की मरम्मत की जरूरत है।,hi,Vasanthapura,public_services,low
There is a public service issue in HSR Layout.,en,HSR Layout,public_services,medium
A live electric wire is hanging in Jogupalya near main road.,en,Jogupalya,electricity,low
Jayangar में पानी जमा है और मच्छर बढ़ रहे हैं।,hi,Jayangar,drainage,high
Gayathri Nagar में सड़क पर बड़ा गड्ढा है।,hi,Gayathri Nagar,roads,high
The public facility in Garudacharpalya needs maintenance.,en,Garudacharpalya,public_services,low
Water pressure is very low in Bellandur.,en,Bellandur,water_supply,high
Garbage has not been collected in Vasanth Nagar for 2 days.,en,Vasanth Nagar,sanitation,low
The road in Byrasandra is damaged and may cause accidents.,en,Byrasandra,roads,medium
Siddapura में कचरा नहीं उठाया गया है।,hi,Siddapura,sanitation,high
Vignana Nagar में मच्छर बढ़ रहे हैं।,hi,Vignana Nagar,health_safety,critical
Hemmigepura me raat ko andhera rehta hai street light kharab hai.,hinglish,Hemmigepura,street_lights,medium
Chowdeshwari Ward में मरा हुआ जानवर पड़ा है और बदबू आ रही है।,hi,Chowdeshwari Ward,health_safety,critical
Water is stagnant in Bharathi Nagar and mosquitoes are increasing.,en,Bharathi Nagar,drainage,critical
Ward 8 में बिजली के खंभे का बॉक्स खुला है और खतरा है।,hi,Ward 8,electricity,low
Hemmigepura me road condition bahut kharab hai.,hinglish,Hemmigepura,roads,high
Yelachenahalli में सार्वजनिक सेवा से जुड़ी समस्या है।,hi,Yelachenahalli,public_services,medium
Banaswadi me machhar badh rahe hain.,hinglish,Banaswadi,health_safety,low
Drain water is overflowing on the road in Anjanapur.,en,Anjanapur,drainage,high
Ward 3 me transformer se spark aa raha hai near residential area.,hinglish,Ward 3,electricity,critical
Padmanabha Nagar में खुले में कचरा पड़ा है।,hi,Padmanabha Nagar,sanitation,high
Garbage has not been collected in Yelachenahalli for 2 days.,en,Yelachenahalli,sanitation,high
Road repair is needed in Gurappanapalya for several days.,en,Gurappanapalya,roads,medium
Banashankari Temple Ward me kachra collect nahi hua since yesterday.,hinglish,Banashankari Temple Ward,sanitation,high
Sunkenahalli में मच्छर बढ़ रहे हैं।,hi,Sunkenahalli,health_safety,critical
Mosquito breeding is increasing in Uttarahalli due to stagnant water.,en,Uttarahalli,health_safety,critical
Ganeshmandira Ward में सड़क की मरम्मत की जरूरत है।,hi,Ganeshmandira Ward,roads,high
Jakkur में कई दिनों से स्ट्रीट लाइट काम नहीं कर रही है।,hi,Jakkur,street_lights,medium
Benniganahalli me sewer water street par aa raha hai.,hinglish,Benniganahalli,drainage,critical
Rajarajeshwari Nagar से नागरिक सुविधा से जुड़ी शिकायत है।,hi,Rajarajeshwari Nagar,public_services,low
Begur में कचरा जलाने से धुआं फैल रहा है।,hi,Begur,health_safety,critical
Hebbal में पानी की सप्लाई नहीं आ रही है।,hi,Hebbal,water_supply,high
Kengeri me voltage fluctuation se appliances kharab ho rahe hain.,hinglish,Kengeri,electricity,high
Attiguppe में खुले में कचरा पड़ा है।,hi,Attiguppe,sanitation,high
Sarvagna Nagar में पानी की सप्लाई नहीं आ रही है।,hi,Sarvagna Nagar,water_supply,high
Mosquito breeding is increasing in Banaswadi due to stagnant water.,en,Banaswadi,health_safety,critical
Gottigere me kachre se badbu aa rahi hai.,hinglish,Gottigere,sanitation,critical
Road repair is needed in Byatarayanapura since yesterday.,en,Byatarayanapura,roads,high
The public facility in Koramangala needs maintenance.,en,Koramangala,public_services,low
HBR Layout me paani jama hai aur machhar badh rahe hain.,hinglish,HBR Layout,drainage,critical
Water is stagnant in Kottigepalya and mosquitoes are increasing.,en,Kottigepalya,drainage,critical
Garbage has not been collected in Rajarajeshwari Nagar for 3 days.,en,Rajarajeshwari Nagar,sanitation,medium
Water pressure is very low in Ward 3.,en,Ward 3,water_supply,low
Garbage burning in Kempegowda Ward is causing smoke and breathing problems.,en,Kempegowda Ward,health_safety,critical
Kavalbyrasandra में सीवेज का पानी सड़क पर बह रहा है।,hi,Kavalbyrasandra,drainage,critical
Indiranagar me water pressure bahut low hai.,hinglish,Indiranagar,water_supply,low
Chokkasandra me drainage block hai near hospital.,hinglish,Chokkasandra,drainage,high
Begur में बिजली का तार नीचे लटक रहा है।,hi,Begur,electricity,critical
Basavanapura में कचरे से बदबू फैल रही है।,hi,Basavanapura,sanitation,critical
Sampangiram Nagar में मरा हुआ जानवर पड़ा है और बदबू आ रही है।,hi,Sampangiram Nagar,health_safety,critical
Civic service request from Basavanapura needs attention.,en,Basavanapura,public_services,low
Gottigere में रात को अंधेरा रहता है क्योंकि स्ट्रीट लाइट खराब है।,hi,Gottigere,street_lights,medium
Jeevanbhima Nagar me garbage khula pada hai near park.,hinglish,Jeevanbhima Nagar,sanitation,high
Hagadooru me broken road se accident ka risk hai.,hinglish,Hagadooru,roads,low
There is a public safety issue in Kavalbyrasandra near residential area.,en,Kavalbyrasandra,health_safety,low
Basavanapura me nali ka paani road par aa raha hai.,hinglish,Basavanapura,drainage,critical
Siddapura me safai properly nahi ho rahi.,hinglish,Siddapura,sanitation,high
Hagadooru me street light pole repair karna hai near school.,hinglish,Hagadooru,street_lights,medium
Kodigehalli में नाली बंद है।,hi,Kodigehalli,drainage,high
Shakthiganapathi Nagar में सार्वजनिक सेवा से जुड़ी समस्या है।,hi,Shakthiganapathi Nagar,public_services,medium
A dead animal is lying in Horamavu and causing foul smell.,en,Horamavu,health_safety,critical
There is a large pothole on the road in A.Narayanapura near temple.,en,A.Narayanapura,roads,high
A live electric wire is hanging in Hemmigepura near temple.,en,Hemmigepura,electricity,low
Laggere me safai properly nahi ho rahi.,hinglish,Laggere,sanitation,high
Marathalli में सड़क की हालत खराब है।,hi,Marathalli,roads,medium
Ward 6 me drinking water dirty aur smell wala aa raha hai.,hinglish,Ward 6,water_supply,low
Begur me pipeline leak ho rahi hai near hospital.,hinglish,Begur,water_supply,high
The street light in Jakkur has been off since yesterday and the road is dark.,en,Jakkur,street_lights,medium
Ward 3 me voltage fluctuation se appliances kharab ho rahe hain.,hinglish,Ward 3,electricity,high
Garbage has not been collected in Kodigehalli for 3 days.,en,Kodigehalli,sanitation,high
BTM Layout me nali ka paani road par aa raha hai.,hinglish,BTM Layout,drainage,high
Pipeline is leaking in Ward 2 near ward office.,en,Ward 2,water_supply,high
Water is stagnant in Hoysala Nagar and mosquitoes are increasing.,en,Hoysala Nagar,drainage,critical
Water supply has not come in Hongasandra for one week.,en,Hongasandra,water_supply,high
Bommanahalli में आवारा कुत्तों से सुरक्षा समस्या है।,hi,Bommanahalli,health_safety,critical
Drain water is overflowing on the road in Chikkalasandra.,en,Chikkalasandra,drainage,high
Dodda Bidarkallu me nali ka paani road par aa raha hai.,hinglish,Dodda Bidarkallu,drainage,critical
Sewage water is flowing on the street in Kadugodi.,en,Kadugodi,drainage,critical
Jnanabharathi Ward में कचरा जलाने से धुआं फैल रहा है।,hi,Jnanabharathi Ward,health_safety,critical
Yelahanka old Satellite Town में आवारा कुत्तों से सुरक्षा समस्या है।,hi,Yelahanka old Satellite Town,health_safety,critical
The street light in Laggere has been off for one week and the road is dark.,en,Laggere,street_lights,medium
Someshwara में सार्वजनिक सेवा से जुड़ी समस्या है।,hi,Someshwara,public_services,medium
Thanisandra में स्ट्रीट लाइट की मरम्मत की जरूरत है।,hi,Thanisandra,street_lights,medium
Vasanthapura me safai properly nahi ho rahi.,hinglish,Vasanthapura,sanitation,high
Vijanapura में नगर निगम सेवा ठीक से काम नहीं कर रही है।,hi,Vijanapura,public_services,medium
There is a public service issue in Singasandra.,en,Singasandra,public_services,medium
Stray dogs are creating safety issues in Rajarajeshwari Nagar.,en,Rajarajeshwari Nagar,health_safety,critical
Kadugodi में सार्वजनिक सुरक्षा से जुड़ी समस्या है।,hi,Kadugodi,health_safety,critical
Municipal service is not working properly in Koramangala.,en,Koramangala,public_services,medium
Road condition is poor in Ullalu and vehicles are facing issues.,en,Ullalu,roads,high
Govindraja Nagara me road repair ki zarurat hai for 3 days.,hinglish,Govindraja Nagara,roads,high
There is a public service issue in Herohalli.,en,Herohalli,public_services,medium
Ejipura me paani jama hai aur machhar badh rahe hain.,hinglish,Ejipura,drainage,high
Horamavu me water pressure bahut low hai.,hinglish,Horamavu,water_supply,high
Sunkenahalli में बिजली नहीं आ रही है।,hi,Sunkenahalli,electricity,high
Sri Nagar me sewer water street par aa raha hai.,hinglish,Sri Nagar,drainage,high
C.V.Raman Nagar me pipeline leak ho rahi hai near ward office.,hinglish,C.V.Raman Nagar,water_supply,high
Pipeline is leaking in BTM Layout near hospital.,en,BTM Layout,water_supply,high
Drain water is overflowing on the road in Varthur.,en,Varthur,drainage,high
Vannarpet me broken road se accident ka risk hai.,hinglish,Vannarpet,roads,low
There is a public safety issue in Kempegowda Ward near park.,en,Kempegowda Ward,health_safety,critical
Contaminated water is being supplied in Basavanapura.,en,Basavanapura,water_supply,critical
Street light is not working in Bilekahalli near park for one week.,en,Bilekahalli,street_lights,medium
Hemmigepura में गंदा पानी सप्लाई हो रहा है।,hi,Hemmigepura,water_supply,critical
HBR Layout में ट्रांसफार्मर से चिंगारी निकल रही है।,hi,HBR Layout,electricity,critical
Vidyaranyapura में वोल्टेज बार बार घट बढ़ रहा है।,hi,Vidyaranyapura,electricity,high
Vidyapeetha me municipal service properly kaam nahi kar rahi.,hinglish,Vidyapeetha,public_services,medium
The street light in Hagadooru has been off since yesterday and the road is dark.,en,Hagadooru,street_lights,medium
Chikkalasandra me garbage khula pada hai near main road.,hinglish,Chikkalasandra,sanitation,high
Drinking water in Hemmigepura is dirty and smells bad.,en,Hemmigepura,water_supply,high
Mathikere wali gali me street lights kaam nahi kar rahi.,hinglish,Mathikere,street_lights,medium
Rajarajeshwari Nagar me dead animal pada hai aur badbu aa rahi hai.,hinglish,Rajarajeshwari Nagar,health_safety,critical
Chokkasandra me live wire latak raha hai near temple.,hinglish,Chokkasandra,electricity,critical
Transformer is sparking in Adugodi near bus stop.,en,Adugodi,electricity,critical
Basavanagudi में वोल्टेज बार बार घट बढ़ रहा है।,hi,Basavanagudi,electricity,high
Gandhi Nagar me public service issue hai.,hinglish,Gandhi Nagar,public_services,medium
Banaswadi में नगर निगम सेवा ठीक से काम नहीं कर रही है।,hi,Banaswadi,public_services,medium
Vishwanathnagenahalli me safai properly nahi ho rahi.,hinglish,Vishwanathnagenahalli,sanitation,high
Vidyaranyapura me paani jama hai aur machhar badh rahe hain.,hinglish,Vidyaranyapura,drainage,high
Waste collection is not happening properly in Vignana Nagar.,en,Vignana Nagar,sanitation,high
Sri Rammandira me paani jama hai aur machhar badh rahe hain.,hinglish,Sri Rammandira,drainage,high
Stray dogs are creating safety issues in Benniganahalli.,en,Benniganahalli,health_safety,critical
Bellandur me broken road se accident ka risk hai.,hinglish,Bellandur,roads,high
Municipal service is not working properly in Vidyaranyapura.,en,Vidyaranyapura,public_services,medium
Hagadooru me paani jama hai aur machhar badh rahe hain.,hinglish,Hagadooru,drainage,critical
Horamavu me public safety issue hai near ward office.,hinglish,Horamavu,health_safety,critical
Jakkur me voltage fluctuation se appliances kharab ho rahe hain.,hinglish,Jakkur,electricity,high
HSR Layout me live wire latak raha hai near market.,hinglish,HSR Layout,electricity,critical
Water is stagnant in Chikpete and mosquitoes are increasing.,en,Chikpete,drainage,critical
Horamavu में कचरा नहीं उठाया गया है।,hi,Horamavu,sanitation,high
Yadiyuru में बिजली के खंभे का बॉक्स खुला है और खतरा है।,hi,Yadiyuru,electricity,low
Ramaswamy Palya में सार्वजनिक सेवा से जुड़ी समस्या है।,hi,Ramaswamy Palya,public_services,medium
Transformer is sparking in Shettyhalli near ward office.,en,Shettyhalli,electricity,critical
Ullalu wali gali me street lights kaam nahi kar rahi.,hinglish,Ullalu,street_lights,medium
Sewage water is flowing on the street in Laggere.,en,Laggere,drainage,critical
Sunkenahalli में टूटी सड़क से दुर्घटना का खतरा है।,hi,Sunkenahalli,roads,medium
Gandhi Nagar में कई दिनों से स्ट्रीट लाइट काम नहीं कर रही है।,hi,Gandhi Nagar,street_lights,medium
The public facility in Gottigere needs maintenance.,en,Gottigere,public_services,critical
Chokkasandra में नाली का पानी सड़क पर आ रहा है।,hi,Chokkasandra,drainage,high
Hemmigepura wali gali me street lights kaam nahi kar rahi.,hinglish,Hemmigepura,street_lights,medium
There is a large pothole on the road in Shanthala Nagar near temple.,en,Shanthala Nagar,roads,high
Contaminated water is being supplied in Indiranagar.,en,Indiranagar,water_supply,critical
Vignana Nagar में कचरा नहीं उठाया गया है।,hi,Vignana Nagar,sanitation,high
Rajarajeshwari Nagar में कचरा जलाने से धुआं फैल रहा है।,hi,Rajarajeshwari Nagar,health_safety,critical
Laggere me garbage khula pada hai near market.,hinglish,Laggere,sanitation,high
Kadugodi me drainage block hai near park.,hinglish,Kadugodi,drainage,high
Ganga Nagar me road par bada gadda hai near park.,hinglish,Ganga Nagar,roads,high
Drainage is blocked in Hoysala Nagar near temple.,en,Hoysala Nagar,drainage,high
Thanisandra में बिजली का तार नीचे लटक रहा है।,hi,Thanisandra,electricity,critical
Hombegowda Nagar me road par bada gadda hai near main road.,hinglish,Hombegowda Nagar,roads,high
The public facility in Begur needs maintenance.,en,Begur,public_services,low
Aramane Nagar me garbage burning se smoke aur breathing problem ho rahi hai.,hinglish,Aramane Nagar,health_safety,critical
Garbage burning in Rajarajeshwari Nagar is causing smoke and breathing problems.,en,Rajarajeshwari Nagar,health_safety,critical
BTM Layout में बिजली नहीं आ रही है।,hi,BTM Layout,electricity,high
Water supply has not come in Nayandanahalli for one week.,en,Nayandanahalli,water_supply,high
Jakkur me garbage khula pada hai near bus stop.,hinglish,Jakkur,sanitation,low
There is no electricity in Ward 2 for 3 days.,en,Ward 2,electricity,high
Contaminated water is being supplied in Peenya Industrial Area.,en,Peenya Industrial Area,water_supply,critical
Sunkenahalli में सड़क की मरम्मत की जरूरत है।,hi,Sunkenahalli,roads,medium
Anjanapur में कचरा जलाने से धुआं फैल रहा है।,hi,Anjanapur,health_safety,critical
Water supply has not come in Varthur since yesterday.,en,Varthur,water_supply,high
Yadiyuru me live wire latak raha hai near school.,hinglish,Yadiyuru,electricity,critical
Hoysala Nagar में स्ट्रीट लाइट की मरम्मत की जरूरत है।,hi,Hoysala Nagar,street_lights,medium
Kadugodi me drainage block hai near bus stop.,hinglish,Kadugodi,drainage,high
Ramamurthy Nagar में स्ट्रीट लाइट बंद है।,hi,Ramamurthy Nagar,street_lights,medium
The street light in Jakkur has been off for 3 days and the road is dark.,en,Jakkur,street_lights,medium
Jeevanbhima Nagar me nali ka paani road par aa raha hai.,hinglish,Jeevanbhima Nagar,drainage,high
Pattabhiram Nagar me road par bada gadda hai near main road.,hinglish,Pattabhiram Nagar,roads,high
Kumaraswamy Layout में सीवेज का पानी सड़क पर बह रहा है।,hi,Kumaraswamy Layout,drainage,critical
Marenahalli में सड़क की मरम्मत की जरूरत है।,hi,Marenahalli,roads,high
Contaminated water is being supplied in Byatarayanapura.,en,Byatarayanapura,water_supply,critical
Bellandur में कचरे से बदबू फैल रही है।,hi,Bellandur,sanitation,critical
Street light is not working in Agrahara Dasarahalli near bus stop for one week.,en,Agrahara Dasarahalli,street_lights,medium
Gandhi Nagar me transformer se spark aa raha hai near market.,hinglish,Gandhi Nagar,electricity,critical
Water is stagnant in Ejipura and mosquitoes are increasing.,en,Ejipura,drainage,critical
Agrahara Dasarahalli me bijli nahi aa rahi for 3 days.,hinglish,Agrahara Dasarahalli,electricity,high
Vignana Nagar में सार्वजनिक सेवा से जुड़ी समस्या है।,hi,Vignana Nagar,public_services,medium
There is a large pothole on the road in A.Narayanapura near park.,en,A.Narayanapura,roads,high
Doddanekkundi में नाली बंद है।,hi,Doddanekkundi,drainage,high
Gandhi Nagar me sewer water street par aa raha hai.,hinglish,Gandhi Nagar,drainage,high
Govindraja Nagara में पानी जमा है और मच्छर बढ़ रहे हैं।,hi,Govindraja Nagara,drainage,critical
Road condition is poor in Gottigere and vehicles are facing issues.,en,Gottigere,roads,high
Hemmigepura में कचरा नहीं उठाया गया है।,hi,Hemmigepura,sanitation,high
Sweeping has not been done in T Dasarahalli and the area is dirty.,en,T-Dasarahalli,sanitation,high
Rajajinagar me contaminated water supply ho raha hai.,hinglish,Rajajinagar,water_supply,critical
Nagavara में सार्वजनिक सुरक्षा से जुड़ी समस्या है।,hi,Nagavara,health_safety,low
The lane in Ullalu becomes unsafe at night because street lights are not working.,en,Ullalu,street_lights,critical
Laggere me raat ko andhera rehta hai street light kharab hai.,hinglish,Laggere,street_lights,medium
Rajarajeshwari Nagar me kachre se badbu aa rahi hai.,hinglish,Rajarajeshwari Nagar,sanitation,critical
Peenya Industrial Area me pipeline leak ho rahi hai near bus stop.,hinglish,Peenya Industrial Area,water_supply,high
Municipal service is not working properly in Nagarabhavi.,en,Nagarabhavi,public_services,medium
A live electric wire is hanging in Yelahanka near temple.,en,Yelahanka,electricity,low
Sagayapuram में स्ट्रीट लाइट बंद है।,hi,Sagayapuram,street_lights,medium
T Dasarahalli me voltage fluctuation se appliances kharab ho rahe hain.,hinglish,T-Dasarahalli,electricity,high
Bellandur में पानी जमा है और मच्छर बढ़ रहे हैं।,hi,Bellandur,drainage,high
Jayamahal me stray dogs se safety issue hai.,hinglish,Jayamahal,health_safety,critical
A live electric wire is hanging in Ward 11 near temple.,en,Ward 11,electricity,low
There is no electricity in Ward 9 for several days.,en,Ward 9,electricity,high
Garbage is dumped openly in Ramamurthy Nagar near park.,en,Ramamurthy Nagar,sanitation,high
Ramamurthy Nagar me kachra collect nahi hua for one week.,hinglish,Ramamurthy Nagar,sanitation,high
Ward 1 में बिजली का तार नीचे लटक रहा है।,hi,Ward 1,electricity,critical
Attiguppe में ट्रांसफार्मर से चिंगारी निकल रही है।,hi,Attiguppe,electricity,critical
BTM Layout में नगर निगम सेवा ठीक से काम नहीं कर रही है।,hi,BTM Layout,public_services,medium
Pattabhiram Nagar में सड़क की हालत खराब है।,hi,Pattabhiram Nagar,roads,low
Mangammanapalya में मरा हुआ जानवर पड़ा है और बदबू आ रही है।,hi,Mangammanapalya,health_safety,critical
Malleshwaram में सफाई ठीक से नहीं हो रही है।,hi,Malleshwaram,sanitation,high
Road repair is needed in Benniganahalli for several days.,en,Benniganahalli,roads,high
Arakere me stray dogs se safety issue hai.,hinglish,Arakere,health_safety,critical
Waste collection is not happening properly in Vasanthapura.,en,Vasanthapura,sanitation,high
A dead animal is lying in Chikkalasandra and causing foul smell.,en,Chikkalasandra,health_safety,critical
Chikpete में बिजली नहीं आ रही है।,hi,Chikpete,electricity,high
J.P.Park me road repair ki zarurat hai since yesterday.,hinglish,J.P.Park,roads,high
There is a public safety issue in K.R.Puram near market.,en,K.R.Puram,health_safety,critical
Drainage is blocked in HSR Layout near bus stop.,en,HSR Layout,drainage,high
Kodigehalli me kachra collect nahi hua for one week.,hinglish,Kodigehalli,sanitation,high
Yelachenahalli me dead animal pada hai aur badbu aa rahi hai.,hinglish,Yelachenahalli,health_safety,critical
Sewage water is flowing on the street in Sudduguntepalya.,en,Sudduguntepalya,drainage,critical
Drainage is blocked in Varthur near market.,en,Varthur,drainage,critical
Jnanabharathi Ward me machhar badh rahe hain.,hinglish,Jnanabharathi Ward,health_safety,critical
Begur se civic service related complaint hai.,hinglish,Begur,public_services,low
There is a large pothole on the road in J.P.Nagar near market.,en,J.P.Nagar,roads,high
Drinking water in Kempegowda Ward is dirty and smells bad.,en,Kempegowda Ward,water_supply,high
Nagarabhavi wali gali me street lights kaam nahi kar rahi.,hinglish,Nagarabhavi,street_lights,medium
There is a public safety issue in Gottigere near temple.,en,Gottigere,health_safety,low
Banaswadi me dead animal pada hai aur badbu aa rahi hai.,hinglish,Banaswadi,health_safety,critical
Yelahanka old Satellite Town me drainage block hai near park.,hinglish,Yelahanka old Satellite Town,drainage,high
Municipal service is not working properly in Dharmarayaswamy Temple Ward.,en,Dharmarayaswamy Temple Ward,public_services,medium
HSR Layout में सफाई ठीक से नहीं हो रही है।,hi,HSR Layout,sanitation,high
Ward 1 में पाइपलाइन लीक हो रही है।,hi,Ward 1,water_supply,low
Radhakrishna Temple me machhar badh rahe hain.,hinglish,Radhakrishna Temple,health_safety,low
The road in Hagadooru is damaged and may cause accidents.,en,Hagadooru,roads,low
Sweeping has not been done in Benniganahalli and the area is dirty.,en,Benniganahalli,sanitation,high
Water is stagnant in Hongasandra and mosquitoes are increasing.,en,Hongasandra,drainage,critical
Muneshwara Nagar में नाली बंद है।,hi,Muneshwara Nagar,drainage,high
Neelasandra में गंदा पानी सप्लाई हो रहा है।,hi,Neelasandra,water_supply,critical
Koramangala me street light pole repair karna hai near park.,hinglish,Koramangala,street_lights,medium
Water is stagnant in Bagalagunte and mosquitoes are increasing.,en,Bagalagunte,drainage,critical
The street light in Byatarayanapura has been off for 2 days and the road is dark.,en,Byatarayanapura,street_lights,medium
Water supply has not come in Ramamurthy Nagar since yesterday.,en,Ramamurthy Nagar,water_supply,high
Jeevanbhima Nagar me garbage khula pada hai near main road.,hinglish,Jeevanbhima Nagar,sanitation,high
Bilekahalli में ट्रांसफार्मर से चिंगारी निकल रही है।,hi,Bilekahalli,electricity,critical
The street light in Shanthala Nagar has been off since yesterday and the road is dark.,en,Shanthala Nagar,street_lights,medium
Hagadooru me pipeline leak ho rahi hai near main road.,hinglish,Hagadooru,water_supply,high
Basavanapura में नाली बंद है।,hi,Basavanapura,drainage,high
Bagalagunte में कई दिनों से स्ट्रीट लाइट काम नहीं कर रही है।,hi,Bagalagunte,street_lights,medium
There is no electricity in Yelahanka for 3 days.,en,Yelahanka,electricity,high
Electric pole box is open in Ward 4 and it is unsafe.,en,Ward 4,electricity,critical
Kadugodi में गंदा पानी सप्लाई हो रहा है।,hi,Kadugodi,water_supply,critical
Civic service request from Sri Nagar needs attention.,en,Sri Nagar,public_services,low
A live electric wire is hanging in Ward 3 near apartment gate.,en,Ward 3,electricity,low
There is a large pothole on the road in Hosahalli near market.,en,Hosahalli,roads,high
Garbage is dumped openly in Bagalagunte near ward office.,en,Bagalagunte,sanitation,high
Voltage fluctuation in Jakkur is damaging home appliances.,en,Jakkur,electricity,high
Road repair is needed in J.P.Park for 3 days.,en,J.P.Park,roads,high
There is a large pothole on the road in Shanthala Nagar near main road.,en,Shanthala Nagar,roads,high
Hebbal me bijli nahi aa rahi for 2 days.,hinglish,Hebbal,electricity,high
Indiranagar में पाइपलाइन लीक हो रही है।,hi,Indiranagar,water_supply,low
Transformer is sparking in Basavanagudi near ward office.,en,Basavanagudi,electricity,critical
Street light pole in Banaswadi needs repair near bus stop.,en,Banaswadi,street_lights,medium
Jnanabharathi Ward me sewer water street par aa raha hai.,hinglish,Jnanabharathi Ward,drainage,high
Jayachamarajendra Nagar में कचरा नहीं उठाया गया है।,hi,Jayachamarajendra Nagar,sanitation,high
Water is stagnant in Hosakerehalli and mosquitoes are increasing.,en,Hosakerehalli,drainage,critical
There is a large pothole on the road in Konanakunte near residential area.,en,Konanakunte,roads,high
Drinking water in Shivaji Nagar is dirty and smells bad.,en,Shivaji Nagar,water_supply,high
Mangammanapalya में सड़क पर बड़ा गड्ढा है।,hi,Mangammanapalya,roads,high
Agaram me paani jama hai aur machhar badh rahe hain.,hinglish,Agaram,drainage,high
Ulsoor में कचरा जलाने से धुआं फैल रहा है।,hi,Ulsoor,health_safety,critical
Kumaraswamy Layout में कई दिनों से स्ट्रीट लाइट काम नहीं कर रही है।,hi,Kumaraswamy Layout,street_lights,medium
Dattathreya Temple में वोल्टेज बार बार घट बढ़ रहा है।,hi,Dattathreya Temple,electricity,high
Horamavu में सफाई ठीक से नहीं हो रही है।,hi,Horamavu,sanitation,high
Someshwara में सड़क की मरम्मत की जरूरत है।,hi,Someshwara,roads,high
Indiranagar में गंदा पानी सप्लाई हो रहा है।,hi,Indiranagar,water_supply,critical
Begur me road par bada gadda hai near bus stop.,hinglish,Begur,roads,high
HBR Layout me dead animal pada hai aur badbu aa rahi hai.,hinglish,HBR Layout,health_safety,critical
The lane in Someshwara becomes unsafe at night because street lights are not working.,en,Someshwara,street_lights,critical
Indiranagar में बिजली का तार नीचे लटक रहा है।,hi,Indiranagar,electricity,critical
Ramamurthy Nagar se civic service related complaint hai.,hinglish,Ramamurthy Nagar,public_services,low
There is no electricity in Ullalu for 3 days.,en,Ullalu,electricity,high
HSR Layout me kachre se badbu aa rahi hai.,hinglish,HSR Layout,sanitation,critical
Shettyhalli में आवारा कुत्तों से सुरक्षा समस्या है।,hi,Shettyhalli,health_safety,low
Rajarajeshwari Nagar me drainage block hai near main road.,hinglish,Rajarajeshwari Nagar,drainage,high
Vannarpet में स्ट्रीट लाइट बंद है।,hi,Vannarpet,street_lights,medium
Herohalli में रात को अंधेरा रहता है क्योंकि स्ट्रीट लाइट खराब है।,hi,Herohalli,street_lights,medium
Banaswadi me street light pole repair karna hai near ward office.,hinglish,Banaswadi,street_lights,medium
Chikkalasandra में सड़क पर बड़ा गड्ढा है।,hi,Chikkalasandra,roads,high
The public facility in A.Narayanapura needs maintenance.,en,A.Narayanapura,public_services,low
Garudacharpalya में पीने के पानी में बदबू और गंदगी है।,hi,Garudacharpalya,water_supply,critical
Vidyaranyapura में टूटी सड़क से दुर्घटना का खतरा है।,hi,Vidyaranyapura,roads,high
Bellandur में नाली का पानी सड़क पर आ रहा है।,hi,Bellandur,drainage,high
Mosquito breeding is increasing in Hoodi due to stagnant water.,en,Hoodi,health_safety,critical
Chowdeshwari Ward me garbage burning se smoke aur breathing problem ho rahi hai.,hinglish,Chowdeshwari Ward,health_safety,critical
Marathalli me road condition bahut kharab hai.,hinglish,Marathalli,roads,high
Stray dogs are creating safety issues in Kumaraswamy Layout.,en,Kumaraswamy Layout,health_safety,critical
HSR Layout में सीवेज का पानी सड़क पर बह रहा है।,hi,HSR Layout,drainage,critical
Jogupalya me road repair ki zarurat hai since yesterday.,hinglish,Jogupalya,roads,medium
Kavalbyrasandra में कचरा नहीं उठाया गया है।,hi,Kavalbyrasandra,sanitation,high
Jnanabharathi Ward me garbage burning se smoke aur breathing problem ho rahi hai.,hinglish,Jnanabharathi Ward,health_safety,critical
Mallasandra me kachra collect nahi hua for one week.,hinglish,Mallasandra,sanitation,high
Varthur में सड़क की मरम्मत की जरूरत है।,hi,Varthur,roads,low
Koramangala me road par bada gadda hai near apartment gate.,hinglish,Koramangala,roads,high
Nandini Layout me garbage khula pada hai near residential area.,hinglish,Nandini Layout,sanitation,low
The public facility in Yelachenahalli needs maintenance.,en,Yelachenahalli,public_services,low
Water is stagnant in K.R.Puram and mosquitoes are increasing.,en,K.R.Puram,drainage,critical
Ulsoor में वोल्टेज बार बार घट बढ़ रहा है।,hi,Ulsoor,electricity,high
Hoysala Nagar me contaminated water supply ho raha hai.,hinglish,Hoysala Nagar,water_supply,critical
Municipal service is not working properly in Sunkenahalli.,en,Sunkenahalli,public_services,medium
Sewage water is flowing on the street in Yeshwanthpur.,en,Yeshwanthpur,drainage,critical
Mahalakshmipuram me public facility maintenance chahiye.,hinglish,Mahalakshmipuram,public_services,low
Marathalli me paani jama hai aur machhar badh rahe hain.,hinglish,Marathalli,drainage,critical
Nagavara me stray dogs se safety issue hai.,hinglish,Nagavara,health_safety,critical
Varthur में पाइपलाइन लीक हो रही है।,hi,Varthur,water_supply,high
A live electric wire is hanging in Ward 3 near temple.,en,Ward 3,electricity,low
There is no electricity in Yelachenahalli for 2 days.,en,Yelachenahalli,electricity,high
Mahalakshmipuram में सार्वजनिक सुविधा की मरम्मत की जरूरत है।,hi,Mahalakshmipuram,public_services,low
Ward 3 me live wire latak raha hai near ward office.,hinglish,Ward 3,electricity,critical
Ramaswamy Palya wali gali me street lights kaam nahi kar rahi.,hinglish,Ramaswamy Palya,street_lights,medium
Gottigere me street light pole repair karna hai near school.,hinglish,Gottigere,street_lights,medium
Kadugodi me paani supply nahi aa rahi for 2 days.,hinglish,Kadugodi,water_supply,high
Madiwala me public facility maintenance chahiye.,hinglish,Madiwala,public_services,low
Malleshwaram me raat ko andhera rehta hai street light kharab hai.,hinglish,Malleshwaram,street_lights,medium
Municipal service is not working properly in Byrasandra.,en,Byrasandra,public_services,medium
Hoodi me garbage burning se smoke aur breathing problem ho rahi hai.,hinglish,Hoodi,health_safety,critical
Someshwara में नाली बंद है।,hi,Someshwara,drainage,critical
Jeevanbhima Nagar में स्ट्रीट लाइट की मरम्मत की जरूरत है।,hi,Jeevanbhima Nagar,street_lights,medium
Road repair is needed in Sampangiram Nagar for 2 days.,en,Sampangiram Nagar,roads,high
Hagadooru में रात को अंधेरा रहता है क्योंकि स्ट्रीट लाइट खराब है।,hi,Hagadooru,street_lights,medium
Voltage fluctuation in Maruthi Seva Nagar is damaging home appliances.,en,Maruthi Seva Nagar,electricity,high
Horamavu में कई दिनों से स्ट्रीट लाइट काम नहीं कर रही है।,hi,Horamavu,street_lights,medium
There is a public safety issue in Vignana Nagar near main road.,en,Vignana Nagar,health_safety,critical
Shankaramata में पानी जमा है और मच्छर बढ़ रहे हैं।,hi,Shankaramata,drainage,high
Basavanapura me kachre se badbu aa rahi hai.,hinglish,Basavanapura,sanitation,critical
Uttarahalli me broken road se accident ka risk hai.,hinglish,Uttarahalli,roads,low
Shettyhalli में स्ट्रीट लाइट की मरम्मत की जरूरत है।,hi,Shettyhalli,street_lights,medium
A dead animal is lying in Banaswadi and causing foul smell.,en,Banaswadi,health_safety,critical
A live electric wire is hanging in Ward 9 near temple.,en,Ward 9,electricity,low
Ward 9 में ट्रांसफार्मर से चिंगारी निकल रही है।,hi,Ward 9,electricity,critical
Indiranagar me bijli nahi aa rahi for 3 days.,hinglish,Indiranagar,electricity,high
Drinking water in Yelahanka is dirty and smells bad.,en,Yelahanka,water_supply,low
Ullalu में सड़क की मरम्मत की जरूरत है।,hi,Ullalu,roads,low
Stray dogs are creating safety issues in Peenya Industrial Area.,en,Peenya Industrial Area,health_safety,critical
Drinking water in Vasanthapura is dirty and smells bad.,en,Vasanthapura,water_supply,high
Shankaramata में गंदा पानी सप्लाई हो रहा है।,hi,Shankaramata,water_supply,critical
HSR Layout me kachra collect nahi hua for several days.,hinglish,HSR Layout,sanitation,high
Hebbal me public service issue hai.,hinglish,Hebbal,public_services,medium
Civic service request from Someshwara needs attention.,en,Someshwara,public_services,low
Contaminated water is being supplied in Kavalbyrasandra.,en,Kavalbyrasandra,water_supply,critical
Attiguppe me bijli nahi aa rahi for 3 days.,hinglish,Attiguppe,electricity,high
Hebbal में नाली का पानी सड़क पर आ रहा है।,hi,Hebbal,drainage,high
Ward 8 में पाइपलाइन लीक हो रही है।,hi,Ward 8,water_supply,low
Transformer is sparking in Ward 5 near ward office.,en,Ward 5,electricity,critical
Contaminated water is being supplied in Anjanapur.,en,Anjanapur,water_supply,critical
Hebbal में बिजली के खंभे का बॉक्स खुला है और खतरा है।,hi,Hebbal,electricity,low
Sunkenahalli me road condition bahut kharab hai.,hinglish,Sunkenahalli,roads,high
Chokkasandra में ट्रांसफार्मर से चिंगारी निकल रही है।,hi,Chokkasandra,electricity,critical
Peenya Industrial Area में स्ट्रीट लाइट बंद है।,hi,Peenya Industrial Area,street_lights,medium
There is a large pothole on the road in HSR Layout near bus stop.,en,HSR Layout,roads,high
There is a large pothole on the road in Thanisandra near market.,en,Thanisandra,roads,high
The public facility in Ramamurthy Nagar needs maintenance.,en,Ramamurthy Nagar,public_services,low
Jalahalli me road condition bahut kharab hai.,hinglish,Jalahalli,roads,high
Domlur me garbage burning se smoke aur breathing problem ho rahi hai.,hinglish,Domlur,health_safety,critical
Sewage water is flowing on the street in HBR Layout.,en,HBR Layout,drainage,critical
Varthur me sewer water street par aa raha hai.,hinglish,Varthur,drainage,critical
Uttarahalli me public service issue hai.,hinglish,Uttarahalli,public_services,medium
The lane in Mathikere becomes unsafe at night because street lights are not working.,en,Mathikere,street_lights,critical
Street light pole in Gurappanapalya needs repair near apartment gate.,en,Gurappanapalya,street_lights,medium
Singasandra में सड़क की हालत खराब है।,hi,Singasandra,roads,high
Ward 1 me transformer se spark aa raha hai near main road.,hinglish,Ward 1,electricity,critical
Govindraja Nagara me paani jama hai aur machhar badh rahe hain.,hinglish,Govindraja Nagara,drainage,high
The road in Kadugodi is damaged and may cause accidents.,en,Kadugodi,roads,low
Sri Rammandira me street light band hai for 2 days.,hinglish,Sri Rammandira,street_lights,medium
Kottigepalya में सफाई ठीक से नहीं हो रही है।,hi,Kottigepalya,sanitation,high
Dodda Bidarkallu me electric pole box open hai aur danger hai.,hinglish,Dodda Bidarkallu,electricity,critical
Pulikeshi Nagar में नाली बंद है।,hi,Pulikeshi Nagar,drainage,high
Manorayanapalya me voltage fluctuation se appliances kharab ho rahe hain.,hinglish,Manorayanapalya,electricity,high
Begur me public service issue hai.,hinglish,Begur,public_services,medium
Rajarajeshwari Nagar me municipal service properly kaam nahi kar rahi.,hinglish,Rajarajeshwari Nagar,public_services,medium
Basavanagudi में सड़क की मरम्मत की जरूरत है।,hi,Basavanagudi,roads,medium
Garbage has not been collected in Shakambari Nagar for several days.,en,Shakambari Nagar,sanitation,medium
Contaminated water is being supplied in Rajamahal.,en,Rajamahal,water_supply,critical
The street light in Vishwanathnagenahalli has been off for 2 days and the road is dark.,en,Vishwanathnagenahalli,street_lights,medium
Byatarayanapura में बिजली के खंभे का बॉक्स खुला है और खतरा है।,hi,Byatarayanapura,electricity,low
The lane in Gottigere becomes unsafe at night because street lights are not working.,en,Gottigere,street_lights,critical
Peenya Industrial Area me road repair ki zarurat hai for one week.,hinglish,Peenya Industrial Area,roads,high
Vidyaranyapura me road condition bahut kharab hai.,hinglish,Vidyaranyapura,roads,high
There is a large pothole on the road in Begur near main road.,en,Begur,roads,high
Gottigere me voltage fluctuation se appliances kharab ho rahe hain.,hinglish,Gottigere,electricity,high
Indiranagar me pipeline leak ho rahi hai near market.,hinglish,Indiranagar,water_supply,high
Singasandra में स्ट्रीट लाइट बंद है।,hi,Singasandra,street_lights,medium
Pipeline is leaking in Someshwara near market.,en,Someshwara,water_supply,high
Byatarayanapura में नाली बंद है।,hi,Byatarayanapura,drainage,high
Anjanapur में सार्वजनिक सुरक्षा से जुड़ी समस्या है।,hi,Anjanapur,health_safety,critical
Voltage fluctuation in Begur is damaging home appliances.,en,Begur,electricity,high
There is a public service issue in Basavanagudi.,en,Basavanagudi,public_services,medium
Road repair is needed in Hebbal for 3 days.,en,Hebbal,roads,high
Road repair is needed in Hemmigepura for 3 days.,en,Hemmigepura,roads,high
Jogupalya me water pressure bahut low hai.,hinglish,Jogupalya,water_supply,high
Sweeping has not been done in Chikpete and the area is dirty.,en,Chikpete,sanitation,high
Hosahalli में सड़क की मरम्मत की जरूरत है।,hi,Hosahalli,roads,high
Ullalu me garbage khula pada hai near hospital.,hinglish,Ullalu,sanitation,high
Electric pole box is open in Rajajinagar and it is unsafe.,en,Rajajinagar,electricity,critical
Gottigere me street light pole repair karna hai near temple.,hinglish,Gottigere,street_lights,medium
Water is stagnant in Vijanapura and mosquitoes are increasing.,en,Vijanapura,drainage,critical
A live electric wire is hanging in Ward 2 near ward office.,en,Ward 2,electricity,low
Stray dogs are creating safety issues in Visvesvarapuram.,en,Visvesvarapuram,health_safety,critical
Hosakerehalli में सार्वजनिक सुविधा की मरम्मत की जरूरत है।,hi,Hosakerehalli,public_services,low
There is no electricity in Ward 8 for one week.,en,Ward 8,electricity,high
Rajarajeshwari Nagar में नगर निगम सेवा ठीक से काम नहीं कर रही है।,hi,Rajarajeshwari Nagar,public_services,medium
Municipal service is not working properly in Ganga Nagar.,en,Ganga Nagar,public_services,medium
Ward 4 me live wire latak raha hai near apartment gate.,hinglish,Ward 4,electricity,critical
Radhakrishna Temple me sewer water street par aa raha hai.,hinglish,Radhakrishna Temple,drainage,critical
Jnanabharathi Ward में कचरे से बदबू फैल रही है।,hi,Jnanabharathi Ward,sanitation,critical
There is a public service issue in Shakambari Nagar.,en,Shakambari Nagar,public_services,medium
Rajarajeshwari Nagar में आवारा कुत्तों से सुरक्षा समस्या है।,hi,Rajarajeshwari Nagar,health_safety,critical
Ward 3 me bijli nahi aa rahi for one week.,hinglish,Ward 3,electricity,high
Hemmigepura में आवारा कुत्तों से सुरक्षा समस्या है।,hi,Hemmigepura,health_safety,critical
Pipeline is leaking in Jayachamarajendra Nagar near apartment gate.,en,Jayachamarajendra Nagar,water_supply,high
The public facility in Sarakki needs maintenance.,en,Sarakki,public_services,low
Garbage has not been collected in Kottigepalya for several days.,en,Kottigepalya,sanitation,high
Peenya Industrial Area me paani jama hai aur machhar badh rahe hain.,hinglish,Peenya Industrial Area,drainage,high
Thanisandra में सीवेज का पानी सड़क पर बह रहा है।,hi,Thanisandra,drainage,critical
Road repair is needed in Vasanth Nagar for 3 days.,en,Vasanth Nagar,roads,medium
Kempegowda Ward me garbage burning se smoke aur breathing problem ho rahi hai.,hinglish,Kempegowda Ward,health_safety,critical
Hoodi में कचरे से बदबू फैल रही है।,hi,Hoodi,sanitation,critical
Pipeline is leaking in Ward 11 near ward office.,en,Ward 11,water_supply,high
Sanjay Nagar me garbage burning se smoke aur breathing problem ho rahi hai.,hinglish,Sanjay Nagar,health_safety,critical
A dead animal is lying in Ullalu and causing foul smell.,en,Ullalu,health_safety,critical
Street light pole in Thanisandra needs repair near ward office.,en,Thanisandra,street_lights,medium
The road in Ganeshmandira Ward is damaged and may cause accidents.,en,Ganeshmandira Ward,roads,medium
Road repair is needed in Shanthala Nagar since yesterday.,en,Shanthala Nagar,roads,medium
Hoodi में पानी जमा है और मच्छर बढ़ रहे हैं।,hi,Hoodi,drainage,critical
Rajarajeshwari Nagar में नाली बंद है।,hi,Rajarajeshwari Nagar,drainage,high
Kadugodi में सीवेज का पानी सड़क पर बह रहा है।,hi,Kadugodi,drainage,critical
The lane in Jakkur becomes unsafe at night because street lights are not working.,en,Jakkur,street_lights,critical
Sewage water is flowing on the street in Chokkasandra.,en,Chokkasandra,drainage,critical
Sunkenahalli में मरा हुआ जानवर पड़ा है और बदबू आ रही है।,hi,Sunkenahalli,health_safety,critical
Road condition is poor in Aramane Nagar and vehicles are facing issues.,en,Aramane Nagar,roads,high
Water pressure is very low in Jogupalya.,en,Jogupalya,water_supply,high
Ward 2 में पीने के पानी में बदबू और गंदगी है।,hi,Ward 2,water_supply,critical
Hagadooru me street light band hai for 2 days.,hinglish,Hagadooru,street_lights,medium
There is a public service issue in Yelahanka old Satellite Town.,en,Yelahanka old Satellite Town,public_services,medium
Rajajinagar में पानी का प्रेशर बहुत कम है।,hi,Rajajinagar,water_supply,high
Horamavu me public safety issue hai near bus stop.,hinglish,Horamavu,health_safety,critical
Horamavu me public facility maintenance chahiye.,hinglish,Horamavu,public_services,low
Garudacharpalya में सड़क की मरम्मत की जरूरत है।,hi,Garudacharpalya,roads,high
Street light is not working in Shanthi Nagar near school for several days.,en,Shanthi Nagar,street_lights,medium
Basavanagudi में कचरा जलाने से धुआं फैल रहा है।,hi,Basavanagudi,health_safety,high
Kavalbyrasandra me live wire latak raha hai near park.,hinglish,Kavalbyrasandra,electricity,critical
Begur में स्ट्रीट लाइट की मरम्मत की जरूरत है।,hi,Begur,street_lights,medium
There is a public safety issue in Gottigere near hospital.,en,Gottigere,health_safety,critical
Ward 7 me paani supply nahi aa rahi for 2 days.,hinglish,Ward 7,water_supply,high
Thanisandra में कई दिनों से स्ट्रीट लाइट काम नहीं कर रही है।,hi,Thanisandra,street_lights,medium
Gottigere me safai properly nahi ho rahi.,hinglish,Gottigere,sanitation,high
Aramane Nagar में सड़क की मरम्मत की जरूरत है।,hi,Aramane Nagar,roads,high
Ward 2 me pipeline leak ho rahi hai near hospital.,hinglish,Ward 2,water_supply,high
Ward 5 में वोल्टेज बार बार घट बढ़ रहा है।,hi,Ward 5,electricity,high
Civic service request from Uttarahalli needs attention.,en,Uttarahalli,public_services,low
Mosquito breeding is increasing in Bagalagunte due to stagnant water.,en,Bagalagunte,health_safety,critical
Road condition is poor in Ejipura and vehicles are facing issues.,en,Ejipura,roads,high
Sweeping has not been done in C.V.Raman Nagar and the area is dirty.,en,C.V.Raman Nagar,sanitation,high
Street light is not working in Rajarajeshwari Nagar near hospital since yesterday.,en,Rajarajeshwari Nagar,street_lights,medium
Hoodi me safai properly nahi ho rahi.,hinglish,Hoodi,sanitation,high
Rajarajeshwari Nagar me kachra collect nahi hua since yesterday.,hinglish,Rajarajeshwari Nagar,sanitation,high
Kottigepalya me safai properly nahi ho rahi.,hinglish,Kottigepalya,sanitation,high
Drain water is overflowing on the road in Mahalakshmipuram.,en,Mahalakshmipuram,drainage,high
Vidyapeetha me public facility maintenance chahiye.,hinglish,Vidyapeetha,public_services,low
Ramamurthy Nagar में मरा हुआ जानवर पड़ा है और बदबू आ रही है।,hi,Ramamurthy Nagar,health_safety,critical
Drain water is overflowing on the road in Jayangar.,en,Jayangar,drainage,high
Kengeri में बिजली के खंभे का बॉक्स खुला है और खतरा है।,hi,Kengeri,electricity,low
The road in Chalavadipalya is damaged and may cause accidents.,en,Chalavadipalya,roads,low
Hebbal me broken road se accident ka risk hai.,hinglish,Hebbal,roads,high
Bagalagunte में मरा हुआ जानवर पड़ा है और बदबू आ रही है।,hi,Bagalagunte,health_safety,critical
Pipeline is leaking in Whitefield near main road.,en,Whitefield,water_supply,high
BTM Layout me kachra collect nahi hua for 2 days.,hinglish,BTM Layout,sanitation,high
Doddanekkundi में आवारा कुत्तों से सुरक्षा समस्या है।,hi,Doddanekkundi,health_safety,critical
Benniganahalli me road repair ki zarurat hai for 2 days.,hinglish,Benniganahalli,roads,high
There is a public safety issue in Vijanapura near apartment gate.,en,Vijanapura,health_safety,critical
Sweeping has not been done in A.Narayanapura and the area is dirty.,en,A.Narayanapura,sanitation,high
Transformer is sparking in Indiranagar near temple.,en,Indiranagar,electricity,critical
There is no electricity in Attiguppe since yesterday.,en,Attiguppe,electricity,high
Drinking water in Ward 1 is dirty and smells bad.,en,Ward 1,water_supply,low
Kumaraswamy Layout me garbage khula pada hai near hospital.,hinglish,Kumaraswamy Layout,sanitation,low
Kodigehalli se civic service related complaint hai.,hinglish,Kodigehalli,public_services,low
Adugodi में बिजली के खंभे का बॉक्स खुला है और खतरा है।,hi,Adugodi,electricity,low
Muneshwara Nagar me nali ka paani road par aa raha hai.,hinglish,Muneshwara Nagar,drainage,high
There is a large pothole on the road in Begur near temple.,en,Begur,roads,high
Sri Rammandira में पानी जमा है और मच्छर बढ़ रहे हैं।,hi,Sri Rammandira,drainage,high
Aramane Nagar में आवारा कुत्तों से सुरक्षा समस्या है।,hi,Aramane Nagar,health_safety,low
Shettyhalli me garbage khula pada hai near park.,hinglish,Shettyhalli,sanitation,low
Sagayapuram me public safety issue hai near temple.,hinglish,Sagayapuram,health_safety,low
Road condition is poor in Thanisandra and vehicles are facing issues.,en,Thanisandra,roads,high
Ejipura me broken road se accident ka risk hai.,hinglish,Ejipura,roads,high
Domlur me nali ka paani road par aa raha hai.,hinglish,Domlur,drainage,high
Waste collection is not happening properly in Hoysala Nagar.,en,Hoysala Nagar,sanitation,high
Water pressure is very low in Horamavu.,en,Horamavu,water_supply,high
Yelahanka में वोल्टेज बार बार घट बढ़ रहा है।,hi,Yelahanka,electricity,high
Street light pole in Jnanabharathi Ward needs repair near hospital.,en,Jnanabharathi Ward,street_lights,medium
Garbage has not been collected in Dharmarayaswamy Temple Ward for several days.,en,Dharmarayaswamy Temple Ward,sanitation,high
Doddanekkundi me public service issue hai.,hinglish,Doddanekkundi,public_services,medium
Uttarahalli me sewer water street par aa raha hai.,hinglish,Uttarahalli,drainage,high
Bagalagunte me kachre se badbu aa rahi hai.,hinglish,Bagalagunte,sanitation,critical
Nayandanahalli me street light band hai for 2 days.,hinglish,Nayandanahalli,street_lights,medium
Begur me nali ka paani road par aa raha hai.,hinglish,Begur,drainage,high
Sudduguntepalya में पानी जमा है और मच्छर बढ़ रहे हैं।,hi,Sudduguntepalya,drainage,low
Water is stagnant in Manorayanapalya and mosquitoes are increasing.,en,Manorayanapalya,drainage,critical
Vidyapeetha में मरा हुआ जानवर पड़ा है और बदबू आ रही है।,hi,Vidyapeetha,health_safety,critical
The street light in Kumaraswamy Layout has been off for 3 days and the road is dark.,en,Kumaraswamy Layout,street_lights,medium
A live electric wire is hanging in Kengeri near bus stop.,en,Kengeri,electricity,low
The street light in Giri Nagar has been off for several days and the road is dark.,en,Giri Nagar,street_lights,medium
Gottigere में सार्वजनिक सेवा से जुड़ी समस्या है।,hi,Gottigere,public_services,critical
Jakkur me nali ka paani road par aa raha hai.,hinglish,Jakkur,drainage,high
Shivaji Nagar me street light pole repair karna hai near apartment gate.,hinglish,Shivaji Nagar,street_lights,medium
Water pressure is very low in Koramangala.,en,Koramangala,water_supply,low
Civic service request from Thanisandra needs attention.,en,Thanisandra,public_services,low
Okalipuram se civic service related complaint hai.,hinglish,Okalipuram,public_services,low
Ulsoor me public safety issue hai near main road.,hinglish,Ulsoor,health_safety,low
Garbage burning in Marathalli is causing smoke and breathing problems.,en,Marathalli,health_safety,critical
HBR Layout me kachra collect nahi hua for 2 days.,hinglish,HBR Layout,sanitation,high
Benniganahalli में कचरा जलाने से धुआं फैल रहा है।,hi,Benniganahalli,health_safety,critical
Nagapura me paani jama hai aur machhar badh rahe hain.,hinglish,Nagapura,drainage,high
Kacharakanahalli me road repair ki zarurat hai since yesterday.,hinglish,Kacharakanahalli,roads,medium
Hombegowda Nagar me garbage khula pada hai near market.,hinglish,Hombegowda Nagar,sanitation,high
Moodalapalya me road repair ki zarurat hai for 3 days.,hinglish,Moodalapalya,roads,high
Vasanthapura में टूटी सड़क से दुर्घटना का खतरा है।,hi,Vasanthapura,roads,low
Puttenahalli में सड़क की मरम्मत की जरूरत है।,hi,Puttenahalli,roads,high
Ward 10 में ट्रांसफार्मर से चिंगारी निकल रही है।,hi,Ward 10,electricity,critical
Kacharakanahalli में सफाई ठीक से नहीं हो रही है।,hi,Kacharakanahalli,sanitation,medium
The street light in Rajarajeshwari Nagar has been off for 3 days and the road is dark.,en,Rajarajeshwari Nagar,street_lights,medium
Bellandur me safai properly nahi ho rahi.,hinglish,Bellandur,sanitation,high
Chamrajpet me raat ko andhera rehta hai street light kharab hai.,hinglish,Chamrajpet,street_lights,medium
Begur me pipeline leak ho rahi hai near main road.,hinglish,Begur,water_supply,high
Sunkenahalli me stray dogs se safety issue hai.,hinglish,Sunkenahalli,health_safety,critical
Sampangiram Nagar में सड़क की हालत खराब है।,hi,Sampangiram Nagar,roads,high
Water supply has not come in Ward 3 for 3 days.,en,Ward 3,water_supply,high
Gottigere me drainage block hai near residential area.,hinglish,Gottigere,drainage,high
Vasanthapura में कचरे से बदबू फैल रही है।,hi,Vasanthapura,sanitation,critical
Sri Nagar में नाली का पानी सड़क पर आ रहा है।,hi,Sri Nagar,drainage,high
Prakash Nagar me public facility maintenance chahiye.,hinglish,Prakash Nagar,public_services,low
Jeevanbhima Nagar wali gali me street lights kaam nahi kar rahi.,hinglish,Jeevanbhima Nagar,street_lights,medium
Vidyaranyapura में नाली का पानी सड़क पर आ रहा है।,hi,Vidyaranyapura,drainage,high
A dead animal is lying in Kadugodi and causing foul smell.,en,Kadugodi,health_safety,critical
Hongasandra में पानी की सप्लाई नहीं आ रही है।,hi,Hongasandra,water_supply,high
Water supply has not come in Varthur for several days.,en,Varthur,water_supply,high
Shettyhalli me transformer se spark aa raha hai near temple.,hinglish,Shettyhalli,electricity,critical
Civic service request from Varthur needs attention.,en,Varthur,public_services,low
Doddanekkundi me road repair ki zarurat hai since yesterday.,hinglish,Doddanekkundi,roads,high
A live electric wire is hanging in Ward 5 near temple.,en,Ward 5,electricity,low
Thanisandra में नाली बंद है।,hi,Thanisandra,drainage,high
Pipeline is leaking in Kengeri near residential area.,en,Kengeri,water_supply,high
Water supply has not come in Neelasandra for 3 days.,en,Neelasandra,water_supply,high
Kempegowda Ward me bijli nahi aa rahi for 2 days.,hinglish,Kempegowda Ward,electricity,high
Thanisandra में कचरा जलाने से धुआं फैल रहा है।,hi,Thanisandra,health_safety,critical
Jayachamarajendra Nagar में सार्वजनिक सेवा से जुड़ी समस्या है।,hi,Jayachamarajendra Nagar,public_services,medium
Road condition is poor in Hoodi and vehicles are facing issues.,en,Hoodi,roads,high
The street light in Chikkalasandra has been off for several days and the road is dark.,en,Chikkalasandra,street_lights,medium
Marathalli में सीवेज का पानी सड़क पर बह रहा है।,hi,Marathalli,drainage,critical
Sewage water is flowing on the street in Hemmigepura.,en,Hemmigepura,drainage,critical
The lane in Ramamurthy Nagar becomes unsafe at night because street lights are not working.,en,Ramamurthy Nagar,street_lights,critical
Yelahanka में ट्रांसफार्मर से चिंगारी निकल रही है।,hi,Yelahanka,electricity,critical
Manorayanapalya में ट्रांसफार्मर से चिंगारी निकल रही है।,hi,Manorayanapalya,electricity,critical
Deepanjali Nagar me street light band hai for one week.,hinglish,Deepanjali Nagar,street_lights,medium
Yelahanka old Satellite Town में कचरा नहीं उठाया गया है।,hi,Yelahanka old Satellite Town,sanitation,high
Horamavu me contaminated water supply ho raha hai.,hinglish,Horamavu,water_supply,critical
A live electric wire is hanging in Ward 12 near residential area.,en,Ward 12,electricity,low
Yelahanka में पानी का प्रेशर बहुत कम है।,hi,Yelahanka,water_supply,high
Kuvempu Nagar में आवारा कुत्तों से सुरक्षा समस्या है।,hi,Kuvempu Nagar,health_safety,critical
Ward 9 me bijli nahi aa rahi since yesterday.,hinglish,Ward 9,electricity,high
Varthur में सड़क की हालत खराब है।,hi,Varthur,roads,low
Shanthala Nagar में सड़क की हालत खराब है।,hi,Shanthala Nagar,roads,medium
Kottigepalya में पानी जमा है और मच्छर बढ़ रहे हैं।,hi,Kottigepalya,drainage,high
Ward 12 में वोल्टेज बार बार घट बढ़ रहा है।,hi,Ward 12,electricity,high
There is a public service issue in Hanumantha Nagar.,en,Hanumantha Nagar,public_services,medium
Mosquito breeding is increasing in Aramane Nagar due to stagnant water.,en,Aramane Nagar,health_safety,critical
Basavanapura me water pressure bahut low hai.,hinglish,Basavanapura,water_supply,high
Jayachamarajendra Nagar में आवारा कुत्तों से सुरक्षा समस्या है।,hi,Jayachamarajendra Nagar,health_safety,critical
A live electric wire is hanging in Bilekahalli near school.,en,Bilekahalli,electricity,low
Shanthi Nagar me raat ko andhera rehta hai street light kharab hai.,hinglish,Shanthi Nagar,street_lights,medium
Rajarajeshwari Nagar me road repair ki zarurat hai for 2 days.,hinglish,Rajarajeshwari Nagar,roads,high
Drainage is blocked in Basavanapura near ward office.,en,Basavanapura,drainage,high
Banaswadi me public service issue hai.,hinglish,Banaswadi,public_services,medium
Vidyaranyapura me garbage burning se smoke aur breathing problem ho rahi hai.,hinglish,Vidyaranyapura,health_safety,critical
Waste collection is not happening properly in Hongasandra.,en,Hongasandra,sanitation,high
Road condition is poor in Vidyaranyapura and vehicles are facing issues.,en,Vidyaranyapura,roads,high
Kamakshipalya में बिजली के खंभे का बॉक्स खुला है और खतरा है।,hi,Kamakshipalya,electricity,low
Vrushabhavati Nagar me road repair ki zarurat hai for several days.,hinglish,Vrushabhavati Nagar,roads,medium
Singasandra में पाइपलाइन लीक हो रही है।,hi,Singasandra,water_supply,high
BTM Layout में कचरा जलाने से धुआं फैल रहा है।,hi,BTM Layout,health_safety,critical
Garbage has not been collected in Basavanagudi for several days.,en,Basavanagudi,sanitation,low
Kacharakanahalli में सार्वजनिक सुविधा की मरम्मत की जरूरत है।,hi,Kacharakanahalli,public_services,low
Sweeping has not been done in Rajarajeshwari Nagar and the area is dirty.,en,Rajarajeshwari Nagar,sanitation,high
Sri Nagar में सार्वजनिक सुविधा की मरम्मत की जरूरत है।,hi,Sri Nagar,public_services,low
Rajagopala Nagar me paani jama hai aur machhar badh rahe hain.,hinglish,Rajagopala Nagar,drainage,high
Hanumantha Nagar me road repair ki zarurat hai for 3 days.,hinglish,Hanumantha Nagar,roads,medium
Marenahalli me road condition bahut kharab hai.,hinglish,Marenahalli,roads,high
Hongasandra me street light band hai for several days.,hinglish,Hongasandra,street_lights,medium
Pipeline is leaking in Ward 4 near temple.,en,Ward 4,water_supply,high
Maruthi Seva Nagar me street light band hai for 2 days.,hinglish,Maruthi Seva Nagar,street_lights,medium
Municipal service is not working properly in Ganeshmandira Ward.,en,Ganeshmandira Ward,public_services,medium
Uttarahalli में कचरे से बदबू फैल रही है।,hi,Uttarahalli,sanitation,critical
Transformer is sparking in Ward 4 near residential area.,en,Ward 4,electricity,critical
HSR Layout में कचरा नहीं उठाया गया है।,hi,HSR Layout,sanitation,high
Pipeline is leaking in Horamavu near residential area.,en,Horamavu,water_supply,high
Byrasandra wali gali me street lights kaam nahi kar rahi.,hinglish,Byrasandra,street_lights,medium
Madiwala me kachra collect nahi hua for one week.,hinglish,Madiwala,sanitation,high
Giri Nagar में कचरे से बदबू फैल रही है।,hi,Giri Nagar,sanitation,critical
H.M.T me municipal service properly kaam nahi kar rahi.,hinglish,H.M.T,public_services,medium
Jnanabharathi Ward wali gali me street lights kaam nahi kar rahi.,hinglish,Jnanabharathi Ward,street_lights,medium
A.Narayanapura me street light band hai for 3 days.,hinglish,A.Narayanapura,street_lights,medium
Rajarajeshwari Nagar me garbage burning se smoke aur breathing problem ho rahi hai.,hinglish,Rajarajeshwari Nagar,health_safety,critical
Ejipura में स्ट्रीट लाइट बंद है।,hi,Ejipura,street_lights,medium
Drain water is overflowing on the road in Ramamurthy Nagar.,en,Ramamurthy Nagar,drainage,high
Street light is not working in Someshwara near school since yesterday.,en,Someshwara,street_lights,medium
Horamavu में सड़क की हालत खराब है।,hi,Horamavu,roads,low
Bellandur me stray dogs se safety issue hai.,hinglish,Bellandur,health_safety,critical
Water is stagnant in Singasandra and mosquitoes are increasing.,en,Singasandra,drainage,critical
Rajarajeshwari Nagar में सीवेज का पानी सड़क पर बह रहा है।,hi,Rajarajeshwari Nagar,drainage,critical
Sri Nagar में सड़क की हालत खराब है।,hi,Sri Nagar,roads,medium
Jnanabharathi Ward me street light pole repair karna hai near ward office.,hinglish,Jnanabharathi Ward,street_lights,medium
Sweeping has not been done in Giri Nagar and the area is dirty.,en,Giri Nagar,sanitation,high
Street light pole in Rajarajeshwari Nagar needs repair near residential area.,en,Rajarajeshwari Nagar,street_lights,medium
Stray dogs are creating safety issues in Bommanahalli.,en,Bommanahalli,health_safety,critical
Kuvempu Nagar me stray dogs se safety issue hai.,hinglish,Kuvempu Nagar,health_safety,critical
Vijanapura me nali ka paani road par aa raha hai.,hinglish,Vijanapura,drainage,high
Mosquito breeding is increasing in Singasandra due to stagnant water.,en,Singasandra,health_safety,critical
Mahalakshmipuram में ट्रांसफार्मर से चिंगारी निकल रही है।,hi,Mahalakshmipuram,electricity,critical
Street light is not working in Dr.Rajkumar Ward near residential area for 3 days.,en,Dr.Rajkumar Ward,street_lights,medium
Yelachenahalli में बिजली का तार नीचे लटक रहा है।,hi,Yelachenahalli,electricity,critical
Sweeping has not been done in Bellandur and the area is dirty.,en,Bellandur,sanitation,high
Street light pole in Konanakunte needs repair near bus stop.,en,Konanakunte,street_lights,medium
Gurappanapalya me water pressure bahut low hai.,hinglish,Gurappanapalya,water_supply,high
A.Narayanapura me municipal service properly kaam nahi kar rahi.,hinglish,A.Narayanapura,public_services,medium
Sewage water is flowing on the street in Thanisandra.,en,Thanisandra,drainage,critical
BTM Layout में पानी की सप्लाई नहीं आ रही है।,hi,BTM Layout,water_supply,high
Transformer is sparking in Vidyaranyapura near park.,en,Vidyaranyapura,electricity,critical
Dharmarayaswamy Temple Ward me drainage block hai near temple.,hinglish,Dharmarayaswamy Temple Ward,drainage,high
Civic service request from Basaveshwara Nagar needs attention.,en,Basaveshwara Nagar,public_services,low
Municipal service is not working properly in Prakash Nagar.,en,Prakash Nagar,public_services,medium
Chowdeshwari Ward me water pressure bahut low hai.,hinglish,Chowdeshwari Ward,water_supply,high
Road condition is poor in K.R.Market and vehicles are facing issues.,en,K.R.Market,roads,high
Byatarayanapura में पानी का प्रेशर बहुत कम है।,hi,Byatarayanapura,water_supply,high
Stray dogs are creating safety issues in Vasanthapura.,en,Vasanthapura,health_safety,critical
H.M.T में बिजली के खंभे का बॉक्स खुला है और खतरा है।,hi,H.M.T,electricity,low
Kottigepalya में पानी का प्रेशर बहुत कम है।,hi,Kottigepalya,water_supply,high
Drain water is overflowing on the road in Hoodi.,en,Hoodi,drainage,high
Water supply has not come in Kadugodi for 2 days.,en,Kadugodi,water_supply,high
Ulsoor me public facility maintenance chahiye.,hinglish,Ulsoor,public_services,low
There is a public service issue in BTM Layout.,en,BTM Layout,public_services,medium
Rajajinagar में बिजली के खंभे का बॉक्स खुला है और खतरा है।,hi,Rajajinagar,electricity,low
The road in Sudduguntepalya is damaged and may cause accidents.,en,Sudduguntepalya,roads,high
Jnanabharathi Ward me paani supply nahi aa rahi for several days.,hinglish,Jnanabharathi Ward,water_supply,high
Ward 1 me voltage fluctuation se appliances kharab ho rahe hain.,hinglish,Ward 1,electricity,high
Waste collection is not happening properly in Yelachenahalli.,en,Yelachenahalli,sanitation,high
Visvesvarapuram me transformer se spark aa raha hai near main road.,hinglish,Visvesvarapuram,electricity,critical
Chikkalasandra me road repair ki zarurat hai for several days.,hinglish,Chikkalasandra,roads,medium
Arakere में सार्वजनिक सेवा से जुड़ी समस्या है।,hi,Arakere,public_services,medium
Dharmarayaswamy Temple Ward में कचरा जलाने से धुआं फैल रहा है।,hi,Dharmarayaswamy Temple Ward,health_safety,critical
Byatarayanapura me contaminated water supply ho raha hai.,hinglish,Byatarayanapura,water_supply,critical
Mosquito breeding is increasing in Dodda Bidarkallu due to stagnant water.,en,Dodda Bidarkallu,health_safety,critical
The street light in Hemmigepura has been off for 3 days and the road is dark.,en,Hemmigepura,street_lights,medium
Ward 4 me bijli nahi aa rahi for 2 days.,hinglish,Ward 4,electricity,high
Hampi Nagar में सार्वजनिक सेवा से जुड़ी समस्या है।,hi,Hampi Nagar,public_services,medium
Hoodi में मरा हुआ जानवर पड़ा है और बदबू आ रही है।,hi,Hoodi,health_safety,critical
Hebbal में बिजली नहीं आ रही है।,hi,Hebbal,electricity,high
Garbage has not been collected in Horamavu since yesterday.,en,Horamavu,sanitation,high
Hombegowda Nagar में नाली बंद है।,hi,Hombegowda Nagar,drainage,high
Thanisandra me voltage fluctuation se appliances kharab ho rahe hain.,hinglish,Thanisandra,electricity,high
Sanjay Nagar me paani supply nahi aa rahi for several days.,hinglish,Sanjay Nagar,water_supply,high
Garbage burning in Uttarahalli is causing smoke and breathing problems.,en,Uttarahalli,health_safety,critical
Mathikere me machhar badh rahe hain.,hinglish,Mathikere,health_safety,critical
Hongasandra me road par bada gadda hai near park.,hinglish,Hongasandra,roads,high
Jayanagar में ट्रांसफार्मर से चिंगारी निकल रही है।,hi,Jayanagar,electricity,critical
Hagadooru में स्ट्रीट लाइट बंद है।,hi,Hagadooru,street_lights,medium
Sweeping has not been done in HBR Layout and the area is dirty.,en,HBR Layout,sanitation,high
Vasanthapura में कचरा नहीं उठाया गया है।,hi,Vasanthapura,sanitation,high
Kumaraswamy Layout me public safety issue hai near main road.,hinglish,Kumaraswamy Layout,health_safety,critical
Varthur में सार्वजनिक सुविधा की मरम्मत की जरूरत है।,hi,Varthur,public_services,low
Vasanth Nagar me safai properly nahi ho rahi.,hinglish,Vasanth Nagar,sanitation,medium
Road condition is poor in Ramamurthy Nagar and vehicles are facing issues.,en,Ramamurthy Nagar,roads,high
Mangammanapalya me garbage burning se smoke aur breathing problem ho rahi hai.,hinglish,Mangammanapalya,health_safety,critical
Waste collection is not happening properly in Jeevanbhima Nagar.,en,Jeevanbhima Nagar,sanitation,high
There is a public safety issue in Ramamurthy Nagar near residential area.,en,Ramamurthy Nagar,health_safety,critical
Water pressure is very low in Ramamurthy Nagar.,en,Ramamurthy Nagar,water_supply,high
Benniganahalli में कचरा नहीं उठाया गया है।,hi,Benniganahalli,sanitation,high
Hemmigepura में नगर निगम सेवा ठीक से काम नहीं कर रही है।,hi,Hemmigepura,public_services,medium
Yeshwanthpur में सीवेज का पानी सड़क पर बह रहा है।,hi,Yeshwanthpur,drainage,critical
Ward 5 में ट्रांसफार्मर से चिंगारी निकल रही है।,hi,Ward 5,electricity,critical
Indiranagar में बिजली नहीं आ रही है।,hi,Indiranagar,electricity,high
Thanisandra में नाली का पानी सड़क पर आ रहा है।,hi,Thanisandra,drainage,high
Municipal service is not working properly in Hoodi.,en,Hoodi,public_services,medium
Vidyaranyapura me broken road se accident ka risk hai.,hinglish,Vidyaranyapura,roads,high
Vasanth Nagar में नगर निगम सेवा ठीक से काम नहीं कर रही है।,hi,Vasanth Nagar,public_services,medium
Transformer is sparking in Hebbal near main road.,en,Hebbal,electricity,critical
Kavalbyrasandra में वोल्टेज बार बार घट बढ़ रहा है।,hi,Kavalbyrasandra,electricity,high
Koramangala में स्ट्रीट लाइट बंद है।,hi,Koramangala,street_lights,medium
Garbage burning in Varthur is causing smoke and breathing problems.,en,Varthur,health_safety,critical
Garbage burning in Mathikere is causing smoke and breathing problems.,en,Mathikere,health_safety,critical
Hoodi में पानी की सप्लाई नहीं आ रही है।,hi,Hoodi,water_supply,high
Jayachamarajendra Nagar me stray dogs se safety issue hai.,hinglish,Jayachamarajendra Nagar,health_safety,critical
Gottigere में पीने के पानी में बदबू और गंदगी है।,hi,Gottigere,water_supply,critical
Sudduguntepalya me live wire latak raha hai near main road.,hinglish,Sudduguntepalya,electricity,critical
Lingarajapuram में कचरे से बदबू फैल रही है।,hi,Lingarajapuram,sanitation,critical
Rajarajeshwari Nagar se civic service related complaint hai.,hinglish,Rajarajeshwari Nagar,public_services,low
Mosquito breeding is increasing in Gurappanapalya due to stagnant water.,en,Gurappanapalya,health_safety,critical
HBR Layout में रात को अंधेरा रहता है क्योंकि स्ट्रीट लाइट खराब है।,hi,HBR Layout,street_lights,medium
Kodigehalli me paani jama hai aur machhar badh rahe hain.,hinglish,Kodigehalli,drainage,high
Ullalu में स्ट्रीट लाइट की मरम्मत की जरूरत है।,hi,Ullalu,street_lights,medium
BTM Layout me garbage burning se smoke aur breathing problem ho rahi hai.,hinglish,BTM Layout,health_safety,critical
There is a public service issue in Arakere.,en,Arakere,public_services,medium
The street light in Bagalagunte has been off for several days and the road is dark.,en,Bagalagunte,street_lights,medium
Waste collection is not happening properly in Singasandra.,en,Singasandra,sanitation,high
J.P.Nagar में स्ट्रीट लाइट बंद है।,hi,J.P.Nagar,street_lights,medium
There is a public service issue in Hosahalli.,en,Hosahalli,public_services,medium
Municipal service is not working properly in Attiguppe.,en,Attiguppe,public_services,medium
Koramangala में नाली बंद है।,hi,Koramangala,drainage,high
Jnanabharathi Ward me nali ka paani road par aa raha hai.,hinglish,Jnanabharathi Ward,drainage,high
Padmanabha Nagar में पानी जमा है और मच्छर बढ़ रहे हैं।,hi,Padmanabha Nagar,drainage,low
Anjanapur me kachra collect nahi hua for 2 days.,hinglish,Anjanapur,sanitation,high
There is no electricity in Ulsoor for one week.,en,Ulsoor,electricity,high
Agaram में सीवेज का पानी सड़क पर बह रहा है।,hi,Agaram,drainage,critical
Shanthala Nagar me street light band hai since yesterday.,hinglish,Shanthala Nagar,street_lights,medium
There is no electricity in Begur for several days.,en,Begur,electricity,high
Civic service request from Anjanapur needs attention.,en,Anjanapur,public_services,low
Horamavu me public safety issue hai near park.,hinglish,Horamavu,health_safety,critical
Sewage water is flowing on the street in Mahalakshmipuram.,en,Mahalakshmipuram,drainage,critical
Road condition is poor in Uttarahalli and vehicles are facing issues.,en,Uttarahalli,roads,high
Dr.Rajkumar Ward me public facility maintenance chahiye.,hinglish,Dr.Rajkumar Ward,public_services,low
Ramamurthy Nagar में स्ट्रीट लाइट की मरम्मत की जरूरत है।,hi,Ramamurthy Nagar,street_lights,medium
Sweeping has not been done in Binnipet and the area is dirty.,en,Binnipet,sanitation,medium
Mangammanapalya me broken road se accident ka risk hai.,hinglish,Mangammanapalya,roads,high
There is a public safety issue in Yelahanka old Satellite Town near main road.,en,Yelahanka old Satellite Town,health_safety,critical
Road repair is needed in Shanthi Nagar for several days.,en,Shanthi Nagar,roads,high
Road condition is poor in HBR Layout and vehicles are facing issues.,en,HBR Layout,roads,high
Singasandra me water pressure bahut low hai.,hinglish,Singasandra,water_supply,high
Kodigehalli में सफाई ठीक से नहीं हो रही है।,hi,Kodigehalli,sanitation,high
Yelahanka me electric pole box open hai aur danger hai.,hinglish,Yelahanka,electricity,critical
Shanthi Nagar me road par bada gadda hai near hospital.,hinglish,Shanthi Nagar,roads,high
Nandini Layout में कचरा नहीं उठाया गया है।,hi,Nandini Layout,sanitation,high
Ward 5 में बिजली के खंभे का बॉक्स खुला है और खतरा है।,hi,Ward 5,electricity,low
Arakere में आवारा कुत्तों से सुरक्षा समस्या है।,hi,Arakere,health_safety,low
Agrahara Dasarahalli me sewer water street par aa raha hai.,hinglish,Agrahara Dasarahalli,drainage,high
Horamavu में पाइपलाइन लीक हो रही है।,hi,Horamavu,water_supply,high
Voltage fluctuation in Kengeri is damaging home appliances.,en,Kengeri,electricity,high
Kengeri में पीने के पानी में बदबू और गंदगी है।,hi,Kengeri,water_supply,critical
Jakkur me street light band hai for one week.,hinglish,Jakkur,street_lights,medium
Domlur me voltage fluctuation se appliances kharab ho rahe hain.,hinglish,Domlur,electricity,high
Drainage is blocked in Singasandra near temple.,en,Singasandra,drainage,high
The street light in Nagarabhavi has been off for one week and the road is dark.,en,Nagarabhavi,street_lights,medium
Garbage burning in Sanjay Nagar is causing smoke and breathing problems.,en,Sanjay Nagar,health_safety,critical
Ward 10 में गंदा पानी सप्लाई हो रहा है।,hi,Ward 10,water_supply,critical
Malleshwaram me garbage khula pada hai near bus stop.,hinglish,Malleshwaram,sanitation,high
Water is stagnant in Hoodi and mosquitoes are increasing.,en,Hoodi,drainage,critical
Water is stagnant in Someshwara and mosquitoes are increasing.,en,Someshwara,drainage,critical
Banaswadi में सार्वजनिक सेवा से जुड़ी समस्या है।,hi,Banaswadi,public_services,medium
Kengeri में पानी की सप्लाई नहीं आ रही है।,hi,Kengeri,water_supply,high
Rajamahal में कई दिनों से स्ट्रीट लाइट काम नहीं कर रही है।,hi,Rajamahal,street_lights,medium
Vishwanathnagenahalli में कई दिनों से स्ट्रीट लाइट काम नहीं कर रही है।,hi,Vishwanathnagenahalli,street_lights,medium
Jogupalya me voltage fluctuation se appliances kharab ho rahe hain.,hinglish,Jogupalya,electricity,high
Varthur में नाली का पानी सड़क पर आ रहा है।,hi,Varthur,drainage,critical
H.M.T में पानी की सप्लाई नहीं आ रही है।,hi,H.M.T,water_supply,high
Waste collection is not happening properly in Sudam Nagar.,en,Sudam Nagar,sanitation,high
Jayangar se civic service related complaint hai.,hinglish,Jayangar,public_services,low
Gurappanapalya में सड़क पर बड़ा गड्ढा है।,hi,Gurappanapalya,roads,high
Sunkenahalli में खुले में कचरा पड़ा है।,hi,Sunkenahalli,sanitation,high
Anjanapur me road condition bahut kharab hai.,hinglish,Anjanapur,roads,high
Dharmarayaswamy Temple Ward में सार्वजनिक सेवा से जुड़ी समस्या है।,hi,Dharmarayaswamy Temple Ward,public_services,medium
Someshwara me bijli nahi aa rahi for 3 days.,hinglish,Someshwara,electricity,high
Vijanapura में मरा हुआ जानवर पड़ा है और बदबू आ रही है।,hi,Vijanapura,health_safety,critical
Voltage fluctuation in Ward 6 is damaging home appliances.,en,Ward 6,electricity,high
The public facility in BTM Layout needs maintenance.,en,BTM Layout,public_services,low
Voltage fluctuation in Kavalbyrasandra is damaging home appliances.,en,Kavalbyrasandra,electricity,high
Radhakrishna Temple me kachra collect nahi hua for 2 days.,hinglish,Radhakrishna Temple,sanitation,high
Yelahanka old Satellite Town me garbage khula pada hai near residential area.,hinglish,Yelahanka old Satellite Town,sanitation,high
Hoodi me pipeline leak ho rahi hai near temple.,hinglish,Hoodi,water_supply,high
Rajajinagar me transformer se spark aa raha hai near park.,hinglish,Rajajinagar,electricity,critical
Street light is not working in Herohalli near hospital for several days.,en,Herohalli,street_lights,medium
Begur me public safety issue hai near temple.,hinglish,Begur,health_safety,low
Sweeping has not been done in Sudduguntepalya and the area is dirty.,en,Sudduguntepalya,sanitation,high
Gottigere me public facility maintenance chahiye.,hinglish,Gottigere,public_services,critical
Ward 12 में बिजली नहीं आ रही है।,hi,Ward 12,electricity,high
Katriguppe me dead animal pada hai aur badbu aa rahi hai.,hinglish,Katriguppe,health_safety,critical
Ward 3 me electric pole box open hai aur danger hai.,hinglish,Ward 3,electricity,critical
There is a public service issue in H.M.T.,en,H.M.T,public_services,medium
Water is stagnant in Doddanekkundi and mosquitoes are increasing.,en,Doddanekkundi,drainage,critical
Agrahara Dasarahalli में बिजली के खंभे का बॉक्स खुला है और खतरा है।,hi,Agrahara Dasarahalli,electricity,low
Municipal service is not working properly in Jogupalya.,en,Jogupalya,public_services,medium
Garbage is dumped openly in Yelahanka old Satellite Town near ward office.,en,Yelahanka old Satellite Town,sanitation,high
Ward 2 me electric pole box open hai aur danger hai.,hinglish,Ward 2,electricity,critical
Waste collection is not happening properly in Padmanabha Nagar.,en,Padmanabha Nagar,sanitation,high
Yelachenahalli se civic service related complaint hai.,hinglish,Yelachenahalli,public_services,low
Stray dogs are creating safety issues in Jnanabharathi Ward.,en,Jnanabharathi Ward,health_safety,critical
Garbage is dumped openly in Gayathri Nagar near bus stop.,en,Gayathri Nagar,sanitation,medium
Rajajinagar me water pressure bahut low hai.,hinglish,Rajajinagar,water_supply,low
Water is stagnant in Ganga Nagar and mosquitoes are increasing.,en,Ganga Nagar,drainage,critical
Ganeshmandira Ward me road par bada gadda hai near residential area.,hinglish,Ganeshmandira Ward,roads,high
Yelachenahalli me garbage khula pada hai near school.,hinglish,Yelachenahalli,sanitation,high
Water supply has not come in Someshwara for one week.,en,Someshwara,water_supply,high
The road in Yadiyuru is damaged and may cause accidents.,en,Yadiyuru,roads,high
Kempegowda Ward में बिजली का तार नीचे लटक रहा है।,hi,Kempegowda Ward,electricity,critical
Varthur में आवारा कुत्तों से सुरक्षा समस्या है।,hi,Varthur,health_safety,critical
Road condition is poor in C.V.Raman Nagar and vehicles are facing issues.,en,C.V.Raman Nagar,roads,high
Benniganahalli में सीवेज का पानी सड़क पर बह रहा है।,hi,Benniganahalli,drainage,critical
Street light pole in Malleshwaram needs repair near hospital.,en,Malleshwaram,street_lights,medium
Indiranagar me voltage fluctuation se appliances kharab ho rahe hain.,hinglish,Indiranagar,electricity,high
Mosquito breeding is increasing in Basavanagudi due to stagnant water.,en,Basavanagudi,health_safety,critical
Sunkenahalli me public safety issue hai near hospital.,hinglish,Sunkenahalli,health_safety,critical
Kengeri me bijli nahi aa rahi for 2 days.,hinglish,Kengeri,electricity,high
Street light pole in Thanisandra needs repair near bus stop.,en,Thanisandra,street_lights,medium
Jalahalli में नाली का पानी सड़क पर आ रहा है।,hi,Jalahalli,drainage,high
Karisandra में स्ट्रीट लाइट की मरम्मत की जरूरत है।,hi,Karisandra,street_lights,medium
Begur में रात को अंधेरा रहता है क्योंकि स्ट्रीट लाइट खराब है।,hi,Begur,street_lights,medium
Thanisandra me water pressure bahut low hai.,hinglish,Thanisandra,water_supply,high
A live electric wire is hanging in HBR Layout near market.,en,HBR Layout,electricity,low
Chalavadipalya में सड़क पर बड़ा गड्ढा है।,hi,Chalavadipalya,roads,high
HBR Layout me kachre se badbu aa rahi hai.,hinglish,HBR Layout,sanitation,critical
Garbage is dumped openly in Singasandra near hospital.,en,Singasandra,sanitation,high
Hemmigepura me contaminated water supply ho raha hai.,hinglish,Hemmigepura,water_supply,critical
Jakkur me street light band hai for 2 days.,hinglish,Jakkur,street_lights,medium
Chikpete में पानी जमा है और मच्छर बढ़ रहे हैं।,hi,Chikpete,drainage,high
Hoodi me transformer se spark aa raha hai near hospital.,hinglish,Hoodi,electricity,critical
Kamakshipalya में रात को अंधेरा रहता है क्योंकि स्ट्रीट लाइट खराब है।,hi,Kamakshipalya,street_lights,medium
Thanisandra me live wire latak raha hai near market.,hinglish,Thanisandra,electricity,critical
Drinking water in Jayanagar is dirty and smells bad.,en,Jayanagar,water_supply,low
Garbage is dumped openly in Benniganahalli near park.,en,Benniganahalli,sanitation,high
Sweeping has not been done in Laggere and the area is dirty.,en,Laggere,sanitation,high
Ward 10 me electric pole box open hai aur danger hai.,hinglish,Ward 10,electricity,critical
Hemmigepura me water pressure bahut low hai.,hinglish,Hemmigepura,water_supply,high
Ward 10 में बिजली का तार नीचे लटक रहा है।,hi,Ward 10,electricity,critical
Chikpete me broken road se accident ka risk hai.,hinglish,Chikpete,roads,medium
Giri Nagar me raat ko andhera rehta hai street light kharab hai.,hinglish,Giri Nagar,street_lights,medium
Hemmigepura में टूटी सड़क से दुर्घटना का खतरा है।,hi,Hemmigepura,roads,high
Garbage has not been collected in Hagadooru for one week.,en,Hagadooru,sanitation,low
A live electric wire is hanging in Indiranagar near ward office.,en,Indiranagar,electricity,low
Kavalbyrasandra me water pressure bahut low hai.,hinglish,Kavalbyrasandra,water_supply,high
Sarvagna Nagar me water pressure bahut low hai.,hinglish,Sarvagna Nagar,water_supply,high
Bilekahalli में कई दिनों से स्ट्रीट लाइट काम नहीं कर रही है।,hi,Bilekahalli,street_lights,medium
Transformer is sparking in Yadiyuru near residential area.,en,Yadiyuru,electricity,critical
Rajamahal me street light band hai for 2 days.,hinglish,Rajamahal,street_lights,medium
HBR Layout में मरा हुआ जानवर पड़ा है और बदबू आ रही है।,hi,HBR Layout,health_safety,critical
The lane in Bommanahalli becomes unsafe at night because street lights are not working.,en,Bommanahalli,street_lights,critical
Street light is not working in Sudduguntepalya near market since yesterday.,en,Sudduguntepalya,street_lights,medium
Karisandra me public service issue hai.,hinglish,Karisandra,public_services,medium
Giri Nagar me electric pole box open hai aur danger hai.,hinglish,Giri Nagar,electricity,critical
Whitefield me pipeline leak ho rahi hai near market.,hinglish,Whitefield,water_supply,high
Ward 8 me drinking water dirty aur smell wala aa raha hai.,hinglish,Ward 8,water_supply,low
Dodda Bidarkallu me sewer water street par aa raha hai.,hinglish,Dodda Bidarkallu,drainage,high
Arakere में सफाई ठीक से नहीं हो रही है।,hi,Arakere,sanitation,high
Garbage has not been collected in Malleshwaram since yesterday.,en,Malleshwaram,sanitation,high
Hongasandra me public service issue hai.,hinglish,Hongasandra,public_services,medium
Jnanabharathi Ward में नगर निगम सेवा ठीक से काम नहीं कर रही है।,hi,Jnanabharathi Ward,public_services,medium
Yelahanka old Satellite Town में कचरे से बदबू फैल रही है।,hi,Yelahanka old Satellite Town,sanitation,critical
Pipeline is leaking in Bellandur near apartment gate.,en,Bellandur,water_supply,high
Contaminated water is being supplied in Whitefield.,en,Whitefield,water_supply,critical
Water pressure is very low in Ward 7.,en,Ward 7,water_supply,low
Ramamurthy Nagar me water pressure bahut low hai.,hinglish,Ramamurthy Nagar,water_supply,high
Kadugodi me bijli nahi aa rahi for 2 days.,hinglish,Kadugodi,electricity,high
Street light pole in Kuvempu Nagar needs repair near bus stop.,en,Kuvempu Nagar,street_lights,medium
Contaminated water is being supplied in Singasandra.,en,Singasandra,water_supply,critical
Municipal service is not working properly in Aramane Nagar.,en,Aramane Nagar,public_services,medium
Kempegowda Ward me public safety issue hai near main road.,hinglish,Kempegowda Ward,health_safety,critical
Jnanabharathi Ward में पाइपलाइन लीक हो रही है।,hi,Jnanabharathi Ward,water_supply,high
Hongasandra me water pressure bahut low hai.,hinglish,Hongasandra,water_supply,high
Gayathri Nagar me water pressure bahut low hai.,hinglish,Gayathri Nagar,water_supply,high
Chikpete me municipal service properly kaam nahi kar rahi.,hinglish,Chikpete,public_services,medium
Bellandur में पाइपलाइन लीक हो रही है।,hi,Bellandur,water_supply,high
Sweeping has not been done in Kumaraswamy Layout and the area is dirty.,en,Kumaraswamy Layout,sanitation,medium
Malleshwaram में टूटी सड़क से दुर्घटना का खतरा है।,hi,Malleshwaram,roads,high
Puttenahalli में सड़क पर बड़ा गड्ढा है।,hi,Puttenahalli,roads,high
The road in Byatarayanapura is damaged and may cause accidents.,en,Byatarayanapura,roads,medium
Byrasandra me safai properly nahi ho rahi.,hinglish,Byrasandra,sanitation,high
Radhakrishna Temple में स्ट्रीट लाइट बंद है।,hi,Radhakrishna Temple,street_lights,medium
Civic service request from Hebbal needs attention.,en,Hebbal,public_services,low
Kadugodi me voltage fluctuation se appliances kharab ho rahe hain.,hinglish,Kadugodi,electricity,high
Street light pole in Sanjay Nagar needs repair near market.,en,Sanjay Nagar,street_lights,medium
Maruthi Seva Nagar में कचरा नहीं उठाया गया है।,hi,Maruthi Seva Nagar,sanitation,high
Ward 8 me contaminated water supply ho raha hai.,hinglish,Ward 8,water_supply,critical
Sewage water is flowing on the street in Bilekahalli.,en,Bilekahalli,drainage,critical
Road repair is needed in Marathalli for 3 days.,en,Marathalli,roads,medium
The street light in Visvesvarapuram has been off since yesterday and the road is dark.,en,Visvesvarapuram,street_lights,medium
Road repair is needed in HSR Layout for 3 days.,en,HSR Layout,roads,medium
Street light pole in Ramamurthy Nagar needs repair near park.,en,Ramamurthy Nagar,street_lights,medium
Ward 3 me contaminated water supply ho raha hai.,hinglish,Ward 3,water_supply,critical
HSR Layout me drainage block hai near residential area.,hinglish,HSR Layout,drainage,high
Jaraganahalli me public safety issue hai near main road.,hinglish,Jaraganahalli,health_safety,critical
Ganga Nagar में पानी जमा है और मच्छर बढ़ रहे हैं।,hi,Ganga Nagar,drainage,high
Someshwara में सड़क की हालत खराब है।,hi,Someshwara,roads,high
Garbage is dumped openly in Kumaraswamy Layout near apartment gate.,en,Kumaraswamy Layout,sanitation,high
Nagapura से नागरिक सुविधा से जुड़ी शिकायत है।,hi,Nagapura,public_services,low
Ward 6 me contaminated water supply ho raha hai.,hinglish,Ward 6,water_supply,critical
Bommanahalli में बिजली के खंभे का बॉक्स खुला है और खतरा है।,hi,Bommanahalli,electricity,low
Water supply has not come in Ramamurthy Nagar for 2 days.,en,Ramamurthy Nagar,water_supply,high
Sweeping has not been done in Nandini Layout and the area is dirty.,en,Nandini Layout,sanitation,medium
Drainage is blocked in Dharmarayaswamy Temple Ward near ward office.,en,Dharmarayaswamy Temple Ward,drainage,high
Water supply has not come in Ward 8 since yesterday.,en,Ward 8,water_supply,high
Vijanapura me electric pole box open hai aur danger hai.,hinglish,Vijanapura,electricity,critical
Sarakki में सार्वजनिक सुविधा की मरम्मत की जरूरत है।,hi,Sarakki,public_services,low
Shettyhalli wali gali me street lights kaam nahi kar rahi.,hinglish,Shettyhalli,street_lights,medium
Begur में सार्वजनिक सुरक्षा से जुड़ी समस्या है।,hi,Begur,health_safety,low
Mosquito breeding is increasing in Rajarajeshwari Nagar due to stagnant water.,en,Rajarajeshwari Nagar,health_safety,critical
Byatarayanapura से नागरिक सुविधा से जुड़ी शिकायत है।,hi,Byatarayanapura,public_services,low
Attiguppe में स्ट्रीट लाइट बंद है।,hi,Attiguppe,street_lights,medium
Kuvempu Nagar me dead animal pada hai aur badbu aa rahi hai.,hinglish,Kuvempu Nagar,health_safety,critical
The street light in Ullalu has been off for one week and the road is dark.,en,Ullalu,street_lights,medium
Herohalli wali gali me street lights kaam nahi kar rahi.,hinglish,Herohalli,street_lights,medium
Stray dogs are creating safety issues in J.P.Nagar.,en,J.P.Nagar,health_safety,critical
The road in Rajarajeshwari Nagar is damaged and may cause accidents.,en,Rajarajeshwari Nagar,roads,low
Municipal service is not working properly in J.P.Nagar.,en,J.P.Nagar,public_services,medium
Waste collection is not happening properly in Ulsoor.,en,Ulsoor,sanitation,high
Shanthi Nagar में कई दिनों से स्ट्रीट लाइट काम नहीं कर रही है।,hi,Shanthi Nagar,street_lights,medium
Visvesvarapuram me dead animal pada hai aur badbu aa rahi hai.,hinglish,Visvesvarapuram,health_safety,critical
Mosquito breeding is increasing in HSR Layout due to stagnant water.,en,HSR Layout,health_safety,critical
Sewage water is flowing on the street in Rajarajeshwari Nagar.,en,Rajarajeshwari Nagar,drainage,critical
Transformer is sparking in Mahalakshmipuram near temple.,en,Mahalakshmipuram,electricity,critical
Ramamurthy Nagar से नागरिक सुविधा से जुड़ी शिकायत है।,hi,Ramamurthy Nagar,public_services,low
Ejipura me stray dogs se safety issue hai.,hinglish,Ejipura,health_safety,critical
Marathalli me drainage block hai near hospital.,hinglish,Marathalli,drainage,high
Road repair is needed in Vannarpet for 2 days.,en,Vannarpet,roads,medium
HAL Airport wali gali me street lights kaam nahi kar rahi.,hinglish,HAL Airport,street_lights,medium
There is a public service issue in Ramamurthy Nagar.,en,Ramamurthy Nagar,public_services,medium
Hoodi me paani supply nahi aa rahi for one week.,hinglish,Hoodi,water_supply,high
Thanisandra me garbage khula pada hai near residential area.,hinglish,Thanisandra,sanitation,high
Road condition is poor in Kacharakanahalli and vehicles are facing issues.,en,Kacharakanahalli,roads,high
Basavanagudi में पानी का प्रेशर बहुत कम है।,hi,Basavanagudi,water_supply,high
Electric pole box is open in Ramamurthy Nagar and it is unsafe.,en,Ramamurthy Nagar,electricity,critical
Hoodi में कचरा जलाने से धुआं फैल रहा है।,hi,Hoodi,health_safety,critical
Peenya Industrial Area में पाइपलाइन लीक हो रही है।,hi,Peenya Industrial Area,water_supply,high
Yadiyuru में सड़क की मरम्मत की जरूरत है।,hi,Yadiyuru,roads,high
Garbage burning in Ulsoor is causing smoke and breathing problems.,en,Ulsoor,health_safety,critical
Bagalagunte me stray dogs se safety issue hai.,hinglish,Bagalagunte,health_safety,critical
Vishwanathnagenahalli में नाली बंद है।,hi,Vishwanathnagenahalli,drainage,critical
Mosquito breeding is increasing in Koramangala due to stagnant water.,en,Koramangala,health_safety,critical
The public facility in Giri Nagar needs maintenance.,en,Giri Nagar,public_services,low
Garbage is dumped openly in Yelahanka old Satellite Town near hospital.,en,Yelahanka old Satellite Town,sanitation,high
Garbage burning in Bellandur is causing smoke and breathing problems.,en,Bellandur,health_safety,critical
Domlur se civic service related complaint hai.,hinglish,Domlur,public_services,low
Dayananda Nagar me transformer se spark aa raha hai near apartment gate.,hinglish,Dayananda Nagar,electricity,critical
Municipal service is not working properly in T Dasarahalli.,en,T-Dasarahalli,public_services,medium
Horamavu में सीवेज का पानी सड़क पर बह रहा है।,hi,Horamavu,drainage,critical
Chikpete wali gali me street lights kaam nahi kar rahi.,hinglish,Chikpete,street_lights,medium
Kempegowda Ward me street light band hai for several days.,hinglish,Kempegowda Ward,street_lights,medium
Street light is not working in Thanisandra near park for 3 days.,en,Thanisandra,street_lights,medium
Jakkur में ट्रांसफार्मर से चिंगारी निकल रही है।,hi,Jakkur,electricity,critical
Vishwanathnagenahalli में सार्वजनिक सुरक्षा से जुड़ी समस्या है।,hi,Vishwanathnagenahalli,health_safety,critical
Marathalli me drainage block hai near temple.,hinglish,Marathalli,drainage,high
There is a large pothole on the road in Bellandur near temple.,en,Bellandur,roads,high
Madiwala में आवारा कुत्तों से सुरक्षा समस्या है।,hi,Madiwala,health_safety,critical
Maruthi Seva Nagar में बिजली का तार नीचे लटक रहा है।,hi,Maruthi Seva Nagar,electricity,critical
Sarakki me garbage khula pada hai near hospital.,hinglish,Sarakki,sanitation,high
Arakere me road par bada gadda hai near temple.,hinglish,Arakere,roads,high
Gottigere me road par bada gadda hai near temple.,hinglish,Gottigere,roads,high
Sunkenahalli se civic service related complaint hai.,hinglish,Sunkenahalli,public_services,low
Vasanthapura me stray dogs se safety issue hai.,hinglish,Vasanthapura,health_safety,critical
Chalavadipalya में कचरे से बदबू फैल रही है।,hi,Chalavadipalya,sanitation,critical
Vidyaranyapura में नगर निगम सेवा ठीक से काम नहीं कर रही है।,hi,Vidyaranyapura,public_services,medium
Mangammanapalya में पीने के पानी में बदबू और गंदगी है।,hi,Mangammanapalya,water_supply,critical
J.P.Nagar me garbage burning se smoke aur breathing problem ho rahi hai.,hinglish,J.P.Nagar,health_safety,critical
Pipeline is leaking in Ward 8 near temple.,en,Ward 8,water_supply,high
A.Narayanapura me kachra collect nahi hua for 3 days.,hinglish,A.Narayanapura,sanitation,high
Byatarayanapura me raat ko andhera rehta hai street light kharab hai.,hinglish,Byatarayanapura,street_lights,medium
Road repair is needed in H.M.T for several days.,en,H.M.T,roads,medium
Hemmigepura में नाली बंद है।,hi,Hemmigepura,drainage,high
HBR Layout में कचरे से बदबू फैल रही है।,hi,HBR Layout,sanitation,critical
Chikpete में मच्छर बढ़ रहे हैं।,hi,Chikpete,health_safety,critical
Kushal Nagar में कई दिनों से स्ट्रीट लाइट काम नहीं कर रही है।,hi,Kushal Nagar,street_lights,medium
Horamavu me drainage block hai near market.,hinglish,Horamavu,drainage,high
Kottigepalya me road condition bahut kharab hai.,hinglish,Kottigepalya,roads,high
There is no electricity in Puttenahalli for several days.,en,Puttenahalli,electricity,high
Waste collection is not happening properly in Byatarayanapura.,en,Byatarayanapura,sanitation,high
Kavalbyrasandra me garbage khula pada hai near market.,hinglish,Kavalbyrasandra,sanitation,low
Garbage has not been collected in Doddanekkundi for 3 days.,en,Doddanekkundi,sanitation,high
Garbage burning in Kadugodi is causing smoke and breathing problems.,en,Kadugodi,health_safety,critical
Ward 11 me drinking water dirty aur smell wala aa raha hai.,hinglish,Ward 11,water_supply,low
Laggere me street light band hai for several days.,hinglish,Laggere,street_lights,medium
Bilekahalli में सार्वजनिक सुविधा की मरम्मत की जरूरत है।,hi,Bilekahalli,public_services,low
Ward 7 me paani supply nahi aa rahi since yesterday.,hinglish,Ward 7,water_supply,high
The street light in Arakere has been off for 2 days and the road is dark.,en,Arakere,street_lights,medium
Dodda Bidarkallu में मच्छर बढ़ रहे हैं।,hi,Dodda Bidarkallu,health_safety,low
Varthur me road repair ki zarurat hai since yesterday.,hinglish,Varthur,roads,medium
C.V.Raman Nagar में पीने के पानी में बदबू और गंदगी है।,hi,C.V.Raman Nagar,water_supply,critical
Anjanapur में कचरे से बदबू फैल रही है।,hi,Anjanapur,sanitation,critical
Jnanabharathi Ward me street light pole repair karna hai near hospital.,hinglish,Jnanabharathi Ward,street_lights,medium
Hoysala Nagar में पाइपलाइन लीक हो रही है।,hi,Hoysala Nagar,water_supply,high
Voltage fluctuation in BTM Layout is damaging home appliances.,en,BTM Layout,electricity,high
Vasanthapura में स्ट्रीट लाइट की मरम्मत की जरूरत है।,hi,Vasanthapura,street_lights,medium
Someshwara me paani supply nahi aa rahi for 2 days.,hinglish,Someshwara,water_supply,high
The lane in Hemmigepura becomes unsafe at night because street lights are not working.,en,Hemmigepura,street_lights,critical
Sarakki में सार्वजनिक सेवा से जुड़ी समस्या है।,hi,Sarakki,public_services,medium
Kengeri me electric pole box open hai aur danger hai.,hinglish,Kengeri,electricity,critical
Road condition is poor in Hemmigepura and vehicles are facing issues.,en,Hemmigepura,roads,high
Voltage fluctuation in Hemmigepura is damaging home appliances.,en,Hemmigepura,electricity,high
Hanumantha Nagar me street light band hai for 2 days.,hinglish,Hanumantha Nagar,street_lights,medium
Street light pole in S.K.Garden needs repair near school.,en,S.K.Garden,street_lights,medium
Water pressure is very low in Mangammanapalya.,en,Mangammanapalya,water_supply,high
Ramaswamy Palya me kachra collect nahi hua for 3 days.,hinglish,Ramaswamy Palya,sanitation,high
Shakambari Nagar me municipal service properly kaam nahi kar rahi.,hinglish,Shakambari Nagar,public_services,medium
Jogupalya में नगर निगम सेवा ठीक से काम नहीं कर रही है।,hi,Jogupalya,public_services,medium
Doddanekkundi में सार्वजनिक सुविधा की मरम्मत की जरूरत है।,hi,Doddanekkundi,public_services,low
Garbage has not been collected in Basavanapura for several days.,en,Basavanapura,sanitation,high
Stray dogs are creating safety issues in Sagayapuram.,en,Sagayapuram,health_safety,critical
Byatarayanapura में कचरा नहीं उठाया गया है।,hi,Byatarayanapura,sanitation,high
Marappana Palya में सार्वजनिक सेवा से जुड़ी समस्या है।,hi,Marappana Palya,public_services,medium
Street light pole in Shakthiganapathi Nagar needs repair near hospital.,en,Shakthiganapathi Nagar,street_lights,medium
Hemmigepura me road par bada gadda hai near residential area.,hinglish,Hemmigepura,roads,high
Ward 3 me paani supply nahi aa rahi since yesterday.,hinglish,Ward 3,water_supply,high
Konanakunte me public safety issue hai near park.,hinglish,Konanakunte,health_safety,critical
Road repair is needed in Puttenahalli since yesterday.,en,Puttenahalli,roads,high
Visvesvarapuram में मरा हुआ जानवर पड़ा है और बदबू आ रही है।,hi,Visvesvarapuram,health_safety,critical
BTM Layout me pipeline leak ho rahi hai near school.,hinglish,BTM Layout,water_supply,high
Vasanthapura में स्ट्रीट लाइट बंद है।,hi,Vasanthapura,street_lights,medium
Singasandra wali gali me street lights kaam nahi kar rahi.,hinglish,Singasandra,street_lights,medium
Electric pole box is open in Gandhi Nagar and it is unsafe.,en,Gandhi Nagar,electricity,critical
Rajarajeshwari Nagar me broken road se accident ka risk hai.,hinglish,Rajarajeshwari Nagar,roads,low
Devasandra me electric pole box open hai aur danger hai.,hinglish,Devasandra,electricity,critical
Stray dogs are creating safety issues in Jeevanbhima Nagar.,en,Jeevanbhima Nagar,health_safety,critical
Chikkalasandra me drainage block hai near main road.,hinglish,Chikkalasandra,drainage,high
Sampangiram Nagar me public facility maintenance chahiye.,hinglish,Sampangiram Nagar,public_services,low
Shettyhalli me raat ko andhera rehta hai street light kharab hai.,hinglish,Shettyhalli,street_lights,medium
Water supply has not come in Rajajinagar since yesterday.,en,Rajajinagar,water_supply,high
Singasandra me road par bada gadda hai near school.,hinglish,Singasandra,roads,high
There is a public safety issue in Bellandur near residential area.,en,Bellandur,health_safety,low
Street light is not working in Kempegowda Ward near market for 2 days.,en,Kempegowda Ward,street_lights,medium
Shanthala Nagar में सड़क की मरम्मत की जरूरत है।,hi,Shanthala Nagar,roads,medium
Transformer is sparking in Hoodi near hospital.,en,Hoodi,electricity,critical
HSR Layout में खुले में कचरा पड़ा है।,hi,HSR Layout,sanitation,high
Newthippasandra me public safety issue hai near park.,hinglish,Newthippasandra,health_safety,critical
Anjanapur me machhar badh rahe hain.,hinglish,Anjanapur,health_safety,critical
Domlur में ट्रांसफार्मर से चिंगारी निकल रही है।,hi,Domlur,electricity,critical
Rajarajeshwari Nagar me stray dogs se safety issue hai.,hinglish,Rajarajeshwari Nagar,health_safety,critical
Jogupalya में सड़क पर बड़ा गड्ढा है।,hi,Jogupalya,roads,high
Civic service request from Banaswadi needs attention.,en,Banaswadi,public_services,low
Hemmigepura में स्ट्रीट लाइट बंद है।,hi,Hemmigepura,street_lights,medium
Pattabhiram Nagar se civic service related complaint hai.,hinglish,Pattabhiram Nagar,public_services,low
There is no electricity in Chikpete for 3 days.,en,Chikpete,electricity,high
Street light is not working in Singasandra near ward office for several days.,en,Singasandra,street_lights,medium
Hagadooru में पानी का प्रेशर बहुत कम है।,hi,Hagadooru,water_supply,high
Gottigere में कई दिनों से स्ट्रीट लाइट काम नहीं कर रही है।,hi,Gottigere,street_lights,critical
Konena Agrahara में सीवेज का पानी सड़क पर बह रहा है।,hi,Konena Agrahara,drainage,critical
Kamakshipalya में नाली का पानी सड़क पर आ रहा है।,hi,Kamakshipalya,drainage,critical
Yadiyuru me road condition bahut kharab hai.,hinglish,Yadiyuru,roads,high
Road repair is needed in Ullalu for one week.,en,Ullalu,roads,high
There is a public service issue in Malleshwaram.,en,Malleshwaram,public_services,medium
There is a large pothole on the road in Horamavu near hospital.,en,Horamavu,roads,high
Ullalu me stray dogs se safety issue hai.,hinglish,Ullalu,health_safety,critical
The lane in Karisandra becomes unsafe at night because street lights are not working.,en,Karisandra,street_lights,critical
Sarakki में सड़क पर बड़ा गड्ढा है।,hi,Sarakki,roads,high
Drainage is blocked in Bellandur near park.,en,Bellandur,drainage,critical
Hagadooru में नाली बंद है।,hi,Hagadooru,drainage,high
Koramangala में पानी की सप्लाई नहीं आ रही है।,hi,Koramangala,water_supply,high
HSR Layout में कचरे से बदबू फैल रही है।,hi,HSR Layout,sanitation,critical
Street light pole in Koramangala needs repair near school.,en,Koramangala,street_lights,medium
Indiranagar me transformer se spark aa raha hai near main road.,hinglish,Indiranagar,electricity,critical
Ward 8 में बिजली नहीं आ रही है।,hi,Ward 8,electricity,high
Basavanapura में गंदा पानी सप्लाई हो रहा है।,hi,Basavanapura,water_supply,critical
Vijanapura me dead animal pada hai aur badbu aa rahi hai.,hinglish,Vijanapura,health_safety,critical
Hagadooru me drainage block hai near main road.,hinglish,Hagadooru,drainage,high
Arakere में सार्वजनिक सुविधा की मरम्मत की जरूरत है।,hi,Arakere,public_services,low
Pipeline is leaking in Begur near apartment gate.,en,Begur,water_supply,high
Ward 11 me paani supply nahi aa rahi for one week.,hinglish,Ward 11,water_supply,high
Rajaji Nagar me live wire latak raha hai near temple.,hinglish,Rajaji Nagar,electricity,critical
The lane in Ganeshmandira Ward becomes unsafe at night because street lights are not working.,en,Ganeshmandira Ward,street_lights,critical
Hampi Nagar me voltage fluctuation se appliances kharab ho rahe hain.,hinglish,Hampi Nagar,electricity,high
Dodda Bidarkallu me road par bada gadda hai near school.,hinglish,Dodda Bidarkallu,roads,high
Byatarayanapura me nali ka paani road par aa raha hai.,hinglish,Byatarayanapura,drainage,high
Ward 12 me water pressure bahut low hai.,hinglish,Ward 12,water_supply,low
Mangammanapalya में कचरा जलाने से धुआं फैल रहा है।,hi,Mangammanapalya,health_safety,critical
Jalahalli me broken road se accident ka risk hai.,hinglish,Jalahalli,roads,high
Pipeline is leaking in Thanisandra near bus stop.,en,Thanisandra,water_supply,high
Rajarajeshwari Nagar me raat ko andhera rehta hai street light kharab hai.,hinglish,Rajarajeshwari Nagar,street_lights,medium
Basavanapura me drainage block hai near main road.,hinglish,Basavanapura,drainage,high
Water pressure is very low in Jayanagar.,en,Jayanagar,water_supply,low
Ward 6 me bijli nahi aa rahi for 2 days.,hinglish,Ward 6,electricity,high
Vrushabhavati Nagar me dead animal pada hai aur badbu aa rahi hai.,hinglish,Vrushabhavati Nagar,health_safety,critical
Civic service request from Kumaraswamy Layout needs attention.,en,Kumaraswamy Layout,public_services,low
Padmanabha Nagar में सफाई ठीक से नहीं हो रही है।,hi,Padmanabha Nagar,sanitation,high
Whitefield में पानी का प्रेशर बहुत कम है।,hi,Whitefield,water_supply,high
Drainage is blocked in Horamavu near bus stop.,en,Horamavu,drainage,high
Jakkur में रात को अंधेरा रहता है क्योंकि स्ट्रीट लाइट खराब है।,hi,Jakkur,street_lights,medium
Garbage is dumped openly in Chikkalasandra near market.,en,Chikkalasandra,sanitation,high
Vasanth Nagar में सार्वजनिक सुविधा की मरम्मत की जरूरत है।,hi,Vasanth Nagar,public_services,low
There is a public service issue in Marappana Palya.,en,Marappana Palya,public_services,medium
Vignana Nagar me public safety issue hai near ward office.,hinglish,Vignana Nagar,health_safety,critical
Peenya Industrial Area से नागरिक सुविधा से जुड़ी शिकायत है।,hi,Peenya Industrial Area,public_services,low
Byatarayanapura me broken road se accident ka risk hai.,hinglish,Byatarayanapura,roads,high
Vasanthapura me contaminated water supply ho raha hai.,hinglish,Vasanthapura,water_supply,critical
Peenya Industrial Area me public service issue hai.,hinglish,Peenya Industrial Area,public_services,medium
Ejipura में नाली बंद है।,hi,Ejipura,drainage,high
The road in Varthur is damaged and may cause accidents.,en,Varthur,roads,low
Basavanapura me kachra collect nahi hua for 3 days.,hinglish,Basavanapura,sanitation,high
Mangammanapalya me stray dogs se safety issue hai.,hinglish,Mangammanapalya,health_safety,critical
Bharathi Nagar से नागरिक सुविधा से जुड़ी शिकायत है।,hi,Bharathi Nagar,public_services,low
HBR Layout में मच्छर बढ़ रहे हैं।,hi,HBR Layout,health_safety,low
Ward 1 me water pressure bahut low hai.,hinglish,Ward 1,water_supply,low
Mathikere में आवारा कुत्तों से सुरक्षा समस्या है।,hi,Mathikere,health_safety,critical
Street light is not working in Hoodi near park for one week.,en,Hoodi,street_lights,medium
Ward 3 में बिजली का तार नीचे लटक रहा है।,hi,Ward 3,electricity,critical
Someshwara में पाइपलाइन लीक हो रही है।,hi,Someshwara,water_supply,high
Garbage has not been collected in Kodigehalli for one week.,en,Kodigehalli,sanitation,high
Kengeri me pipeline leak ho rahi hai near school.,hinglish,Kengeri,water_supply,high
Ganeshmandira Ward में टूटी सड़क से दुर्घटना का खतरा है।,hi,Ganeshmandira Ward,roads,medium
Jnanabharathi Ward me street light band hai for 3 days.,hinglish,Jnanabharathi Ward,street_lights,medium
Gottigere में नाली बंद है।,hi,Gottigere,drainage,high
Chalavadipalya me drainage block hai near bus stop.,hinglish,Chalavadipalya,drainage,high
Municipal service is not working properly in Rajarajeshwari Nagar.,en,Rajarajeshwari Nagar,public_services,medium
Shakthiganapathi Nagar में स्ट्रीट लाइट बंद है।,hi,Shakthiganapathi Nagar,street_lights,medium
Ward 5 me transformer se spark aa raha hai near school.,hinglish,Ward 5,electricity,critical
Nayandanahalli में सफाई ठीक से नहीं हो रही है।,hi,Nayandanahalli,sanitation,high
Begur me road condition bahut kharab hai.,hinglish,Begur,roads,high
Electric pole box is open in Kengeri and it is unsafe.,en,Kengeri,electricity,critical
Rajamahal me water pressure bahut low hai.,hinglish,Rajamahal,water_supply,high
Street light pole in Thanisandra needs repair near apartment gate.,en,Thanisandra,street_lights,medium
Transformer is sparking in Kadugodi near market.,en,Kadugodi,electricity,critical
Malleshwaram में स्ट्रीट लाइट बंद है।,hi,Malleshwaram,street_lights,medium
Gayathri Nagar me road repair ki zarurat hai for several days.,hinglish,Gayathri Nagar,roads,medium
Thanisandra me public service issue hai.,hinglish,Thanisandra,public_services,medium
Garbage has not been collected in Thanisandra for 3 days.,en,Thanisandra,sanitation,high
Pipeline is leaking in Ward 7 near temple.,en,Ward 7,water_supply,high
Konena Agrahara में मरा हुआ जानवर पड़ा है और बदबू आ रही है।,hi,Konena Agrahara,health_safety,critical
Ullalu me dead animal pada hai aur badbu aa rahi hai.,hinglish,Ullalu,health_safety,critical
Electric pole box is open in Sudduguntepalya and it is unsafe.,en,Sudduguntepalya,electricity,critical
Kadugodi me bijli nahi aa rahi for one week.,hinglish,Kadugodi,electricity,high
Garbage burning in Vasanthapura is causing smoke and breathing problems.,en,Vasanthapura,health_safety,critical
Ward 8 me voltage fluctuation se appliances kharab ho rahe hain.,hinglish,Ward 8,electricity,high
HSR Layout me sewer water street par aa raha hai.,hinglish,HSR Layout,drainage,high
Yelahanka old Satellite Town me safai properly nahi ho rahi.,hinglish,Yelahanka old Satellite Town,sanitation,high
Someshwara में सफाई ठीक से नहीं हो रही है।,hi,Someshwara,sanitation,high
Dattathreya Temple me safai properly nahi ho rahi.,hinglish,Dattathreya Temple,sanitation,medium
Sampangiram Nagar में नगर निगम सेवा ठीक से काम नहीं कर रही है।,hi,Sampangiram Nagar,public_services,medium
Hagadooru में पीने के पानी में बदबू और गंदगी है।,hi,Hagadooru,water_supply,critical
Hemmigepura में कई दिनों से स्ट्रीट लाइट काम नहीं कर रही है।,hi,Hemmigepura,street_lights,medium
There is a public service issue in Vasanthapura.,en,Vasanthapura,public_services,medium
There is a public service issue in Newthippasandra.,en,Newthippasandra,public_services,medium
Garudacharpalya me broken road se accident ka risk hai.,hinglish,Garudacharpalya,roads,high
Hemmigepura में सड़क की मरम्मत की जरूरत है।,hi,Hemmigepura,roads,high
Water supply has not come in HSR Layout for one week.,en,HSR Layout,water_supply,high
Waste collection is not happening properly in HSR Layout.,en,HSR Layout,sanitation,high
Hosahalli se civic service related complaint hai.,hinglish,Hosahalli,public_services,low
Water supply has not come in Uttarahalli since yesterday.,en,Uttarahalli,water_supply,high
Gottigere में बिजली के खंभे का बॉक्स खुला है और खतरा है।,hi,Gottigere,electricity,low
Jakkur में खुले में कचरा पड़ा है।,hi,Jakkur,sanitation,high
Street light pole in Neelasandra needs repair near apartment gate.,en,Neelasandra,street_lights,medium
Begur me road par bada gadda hai near main road.,hinglish,Begur,roads,high
Sewage water is flowing on the street in K.R.Market.,en,K.R.Market,drainage,critical
Mahalakshmipuram में सीवेज का पानी सड़क पर बह रहा है।,hi,Mahalakshmipuram,drainage,critical
Road repair is needed in Konanakunte for 3 days.,en,Konanakunte,roads,high
Jeevanbhima Nagar में कचरे से बदबू फैल रही है।,hi,Jeevanbhima Nagar,sanitation,critical
Vidyaranyapura wali gali me street lights kaam nahi kar rahi.,hinglish,Vidyaranyapura,street_lights,medium
Adugodi me raat ko andhera rehta hai street light kharab hai.,hinglish,Adugodi,street_lights,medium
Vishwanathnagenahalli में कचरा नहीं उठाया गया है।,hi,Vishwanathnagenahalli,sanitation,high
Vasanthapura में पानी जमा है और मच्छर बढ़ रहे हैं।,hi,Vasanthapura,drainage,high
Garbage burning in Sampangiram Nagar is causing smoke and breathing problems.,en,Sampangiram Nagar,health_safety,critical
There is no electricity in Doddanekkundi for one week.,en,Doddanekkundi,electricity,high
Ejipura में नाली का पानी सड़क पर आ रहा है।,hi,Ejipura,drainage,high
The street light in Peenya Industrial Area has been off for 2 days and the road is dark.,en,Peenya Industrial Area,street_lights,medium
A dead animal is lying in Hoysala Nagar and causing foul smell.,en,Hoysala Nagar,health_safety,critical
Bellandur में मच्छर बढ़ रहे हैं।,hi,Bellandur,health_safety,critical
Ward 12 me paani supply nahi aa rahi for several days.,hinglish,Ward 12,water_supply,high
Mosquito breeding is increasing in Mangammanapalya due to stagnant water.,en,Mangammanapalya,health_safety,critical
Byatarayanapura me pipeline leak ho rahi hai near ward office.,hinglish,Byatarayanapura,water_supply,high
Sudduguntepalya में नाली बंद है।,hi,Sudduguntepalya,drainage,high
Shanthala Nagar me road condition bahut kharab hai.,hinglish,Shanthala Nagar,roads,high
Konanakunte में नाली का पानी सड़क पर आ रहा है।,hi,Konanakunte,drainage,critical
Radhakrishna Temple me street light band hai for 2 days.,hinglish,Radhakrishna Temple,street_lights,medium
Marappana Palya में कचरे से बदबू फैल रही है।,hi,Marappana Palya,sanitation,critical
Singasandra में नाली बंद है।,hi,Singasandra,drainage,high
Water pressure is very low in Gayathri Nagar.,en,Gayathri Nagar,water_supply,high
Hoodi में बिजली नहीं आ रही है।,hi,Hoodi,electricity,high
Pattabhiram Nagar me road repair ki zarurat hai since yesterday.,hinglish,Pattabhiram Nagar,roads,medium
The street light in Hemmigepura has been off since yesterday and the road is dark.,en,Hemmigepura,street_lights,medium
Yelahanka me bijli nahi aa rahi for 3 days.,hinglish,Yelahanka,electricity,high
Uttarahalli में बिजली नहीं आ रही है।,hi,Uttarahalli,electricity,high
Ulsoor में आवारा कुत्तों से सुरक्षा समस्या है।,hi,Ulsoor,health_safety,low
Ramamurthy Nagar में पानी का प्रेशर बहुत कम है।,hi,Ramamurthy Nagar,water_supply,high
Waste collection is not happening properly in Chalavadipalya.,en,Chalavadipalya,sanitation,high
Ward 4 में पानी का प्रेशर बहुत कम है।,hi,Ward 4,water_supply,high
Aramane Nagar me road condition bahut kharab hai.,hinglish,Aramane Nagar,roads,high
Shakthiganapathi Nagar me public safety issue hai near hospital.,hinglish,Shakthiganapathi Nagar,health_safety,critical
Varthur में टूटी सड़क से दुर्घटना का खतरा है।,hi,Varthur,roads,low
Uttarahalli me water pressure bahut low hai.,hinglish,Uttarahalli,water_supply,high
Street light pole in Gottigere needs repair near apartment gate.,en,Gottigere,street_lights,critical
Horamavu me road repair ki zarurat hai for 3 days.,hinglish,Horamavu,roads,high
Thanisandra me street light band hai for 3 days.,hinglish,Thanisandra,street_lights,medium
Garbage has not been collected in Vishwanathnagenahalli since yesterday.,en,Vishwanathnagenahalli,sanitation,high
Civic service request from Vishwanathnagenahalli needs attention.,en,Vishwanathnagenahalli,public_services,low
Ulsoor से नागरिक सुविधा से जुड़ी शिकायत है।,hi,Ulsoor,public_services,low
Waste collection is not happening properly in Vishwanathnagenahalli.,en,Vishwanathnagenahalli,sanitation,high
There is a public safety issue in Puttenahalli near apartment gate.,en,Puttenahalli,health_safety,critical
Chikkalasandra me raat ko andhera rehta hai street light kharab hai.,hinglish,Chikkalasandra,street_lights,medium
Dharmarayaswamy Temple Ward me road par bada gadda hai near apartment gate.,hinglish,Dharmarayaswamy Temple Ward,roads,high
Rajajinagar me bijli nahi aa rahi for several days.,hinglish,Rajajinagar,electricity,high
Bagalagunte me street light band hai for 3 days.,hinglish,Bagalagunte,street_lights,medium
Pattabhiram Nagar me road par bada gadda hai near residential area.,hinglish,Pattabhiram Nagar,roads,high
Kuvempu Nagar me street light band hai for one week.,hinglish,Kuvempu Nagar,street_lights,medium
Drainage is blocked in Begur near main road.,en,Begur,drainage,high
Someshwara me street light pole repair karna hai near ward office.,hinglish,Someshwara,street_lights,medium
Drinking water in Ward 12 is dirty and smells bad.,en,Ward 12,water_supply,low
Laggere में स्ट्रीट लाइट की मरम्मत की जरूरत है।,hi,Laggere,street_lights,medium
A dead animal is lying in Yelachenahalli and causing foul smell.,en,Yelachenahalli,health_safety,critical
Gayathri Nagar में कचरा नहीं उठाया गया है।,hi,Gayathri Nagar,sanitation,high
Kumaraswamy Layout wali gali me street lights kaam nahi kar rahi.,hinglish,Kumaraswamy Layout,street_lights,medium
Kavalbyrasandra me garbage burning se smoke aur breathing problem ho rahi hai.,hinglish,Kavalbyrasandra,health_safety,critical
Ejipura में आवारा कुत्तों से सुरक्षा समस्या है।,hi,Ejipura,health_safety,critical
Byatarayanapura में रात को अंधेरा रहता है क्योंकि स्ट्रीट लाइट खराब है।,hi,Byatarayanapura,street_lights,medium
There is a public safety issue in Visvesvarapuram near school.,en,Visvesvarapuram,health_safety,critical
Kottigepalya में टूटी सड़क से दुर्घटना का खतरा है।,hi,Kottigepalya,roads,high
Electric pole box is open in Hemmigepura and it is unsafe.,en,Hemmigepura,electricity,critical
Madiwala me dead animal pada hai aur badbu aa rahi hai.,hinglish,Madiwala,health_safety,critical
Dodda Bidarkallu me street light pole repair karna hai near residential area.,hinglish,Dodda Bidarkallu,street_lights,medium
Ward 4 में बिजली नहीं आ रही है।,hi,Ward 4,electricity,high
The street light in Rajamahal has been off for 2 days and the road is dark.,en,Rajamahal,street_lights,medium
There is no electricity in Chikpete since yesterday.,en,Chikpete,electricity,high
Domlur में मच्छर बढ़ रहे हैं।,hi,Domlur,health_safety,low
Basavanapura me sewer water street par aa raha hai.,hinglish,Basavanapura,drainage,high
Bommanahalli me public safety issue hai near residential area.,hinglish,Bommanahalli,health_safety,critical
Street light pole in Jnanabharathi Ward needs repair near park.,en,Jnanabharathi Ward,street_lights,medium
Vishwanathnagenahalli में सार्वजनिक सुविधा की मरम्मत की जरूरत है।,hi,Vishwanathnagenahalli,public_services,low
Benniganahalli me kachra collect nahi hua for one week.,hinglish,Benniganahalli,sanitation,high
Moodalapalya में आवारा कुत्तों से सुरक्षा समस्या है।,hi,Moodalapalya,health_safety,critical
BTM Layout me voltage fluctuation se appliances kharab ho rahe hain.,hinglish,BTM Layout,electricity,high
J.P.Nagar में टूटी सड़क से दुर्घटना का खतरा है।,hi,J.P.Nagar,roads,low
Sewage water is flowing on the street in Horamavu.,en,Horamavu,drainage,critical
Garbage burning in Dodda Bidarkallu is causing smoke and breathing problems.,en,Dodda Bidarkallu,health_safety,critical
Drainage is blocked in Sudam Nagar near ward office.,en,Sudam Nagar,drainage,high
Hemmigepura में पानी की सप्लाई नहीं आ रही है।,hi,Hemmigepura,water_supply,high
Hoodi me water pressure bahut low hai.,hinglish,Hoodi,water_supply,high
Garbage burning in Thanisandra is causing smoke and breathing problems.,en,Thanisandra,health_safety,critical
Herohalli me public service issue hai.,hinglish,Herohalli,public_services,medium
Ulsoor me transformer se spark aa raha hai near apartment gate.,hinglish,Ulsoor,electricity,critical
Drainage is blocked in Thanisandra near ward office.,en,Thanisandra,drainage,high
Mosquito breeding is increasing in Thanisandra due to stagnant water.,en,Thanisandra,health_safety,critical
Water supply has not come in Kengeri for 2 days.,en,Kengeri,water_supply,high
Rajajinagar में पानी की सप्लाई नहीं आ रही है।,hi,Rajajinagar,water_supply,high
Jayanagar me live wire latak raha hai near temple.,hinglish,Jayanagar,electricity,critical
A live electric wire is hanging in Giri Nagar near residential area.,en,Giri Nagar,electricity,low
Giri Nagar wali gali me street lights kaam nahi kar rahi.,hinglish,Giri Nagar,street_lights,medium
Horamavu me road par bada gadda hai near school.,hinglish,Horamavu,roads,high
Drainage is blocked in Byatarayanapura near main road.,en,Byatarayanapura,drainage,high
The street light in Pulikeshi Nagar has been off for several days and the road is dark.,en,Pulikeshi Nagar,street_lights,medium
BTM Layout में सार्वजनिक सेवा से जुड़ी समस्या है।,hi,BTM Layout,public_services,medium
Water pressure is very low in Byatarayanapura.,en,Byatarayanapura,water_supply,high
There is no electricity in Kadugodi since yesterday.,en,Kadugodi,electricity,high
Dr.Rajkumar Ward में कई दिनों से स्ट्रीट लाइट काम नहीं कर रही है।,hi,Dr.Rajkumar Ward,street_lights,medium
Shakthiganapathi Nagar में आवारा कुत्तों से सुरक्षा समस्या है।,hi,Shakthiganapathi Nagar,health_safety,critical
Water supply has not come in Sanjay Nagar for 3 days.,en,Sanjay Nagar,water_supply,high
Laggere me garbage burning se smoke aur breathing problem ho rahi hai.,hinglish,Laggere,health_safety,critical
There is no electricity in Rajajinagar since yesterday.,en,Rajajinagar,electricity,high
HSR Layout se civic service related complaint hai.,hinglish,HSR Layout,public_services,low
Mosquito breeding is increasing in Anjanapur due to stagnant water.,en,Anjanapur,health_safety,critical
Ward 11 में पीने के पानी में बदबू और गंदगी है।,hi,Ward 11,water_supply,critical
Gurappanapalya में मच्छर बढ़ रहे हैं।,hi,Gurappanapalya,health_safety,critical
Gurappanapalya me broken road se accident ka risk hai.,hinglish,Gurappanapalya,roads,medium
Ramamurthy Nagar me public facility maintenance chahiye.,hinglish,Ramamurthy Nagar,public_services,low
Ward 6 में पानी की सप्लाई नहीं आ रही है।,hi,Ward 6,water_supply,high
Water is stagnant in Shankaramata and mosquitoes are increasing.,en,Shankaramata,drainage,critical
There is a large pothole on the road in Doddanekkundi near market.,en,Doddanekkundi,roads,high
Doddanekkundi me public safety issue hai near apartment gate.,hinglish,Doddanekkundi,health_safety,critical
Rajagopala Nagar me road condition bahut kharab hai.,hinglish,Rajagopala Nagar,roads,high
Thanisandra में पानी की सप्लाई नहीं आ रही है।,hi,Thanisandra,water_supply,high
Garbage burning in HBR Layout is causing smoke and breathing problems.,en,HBR Layout,health_safety,critical
There is a large pothole on the road in Begur near residential area.,en,Begur,roads,high
Chikpete me contaminated water supply ho raha hai.,hinglish,Chikpete,water_supply,critical
Jeevanbhima Nagar में सार्वजनिक सेवा से जुड़ी समस्या है।,hi,Jeevanbhima Nagar,public_services,medium
Puttenahalli me municipal service properly kaam nahi kar rahi.,hinglish,Puttenahalli,public_services,medium
A dead animal is lying in Ulsoor and causing foul smell.,en,Ulsoor,health_safety,critical
Giri Nagar me public service issue hai.,hinglish,Giri Nagar,public_services,medium
C.V.Raman Nagar me water pressure bahut low hai.,hinglish,C.V.Raman Nagar,water_supply,high
Sudduguntepalya में सार्वजनिक सेवा से जुड़ी समस्या है।,hi,Sudduguntepalya,public_services,medium
Water supply has not come in Ullalu since yesterday.,en,Ullalu,water_supply,high
Rajagopala Nagar में सड़क की मरम्मत की जरूरत है।,hi,Rajagopala Nagar,roads,high
Herohalli में कचरा नहीं उठाया गया है।,hi,Herohalli,sanitation,high
Byatarayanapura में नगर निगम सेवा ठीक से काम नहीं कर रही है।,hi,Byatarayanapura,public_services,medium
Ward 8 में ट्रांसफार्मर से चिंगारी निकल रही है।,hi,Ward 8,electricity,critical
Pipeline is leaking in Jeevanbhima Nagar near main road.,en,Jeevanbhima Nagar,water_supply,high
Arakere wali gali me street lights kaam nahi kar rahi.,hinglish,Arakere,street_lights,medium
Hoysala Nagar me drainage block hai near temple.,hinglish,Hoysala Nagar,drainage,high
Hongasandra se civic service related complaint hai.,hinglish,Hongasandra,public_services,low
Civic service request from A.Narayanapura needs attention.,en,A.Narayanapura,public_services,low
Drain water is overflowing on the road in Marathalli.,en,Marathalli,drainage,high
Maruthi Seva Nagar me pipeline leak ho rahi hai near park.,hinglish,Maruthi Seva Nagar,water_supply,high
Garbage is dumped openly in Vidyaranyapura near bus stop.,en,Vidyaranyapura,sanitation,low
Drinking water in Hoodi is dirty and smells bad.,en,Hoodi,water_supply,high
Benniganahalli में मरा हुआ जानवर पड़ा है और बदबू आ रही है।,hi,Benniganahalli,health_safety,critical
Giri Nagar me bijli nahi aa rahi for one week.,hinglish,Giri Nagar,electricity,high
Hoodi में सार्वजनिक सुरक्षा से जुड़ी समस्या है।,hi,Hoodi,health_safety,critical
Benniganahalli में खुले में कचरा पड़ा है।,hi,Benniganahalli,sanitation,high
Chikpete me road par bada gadda hai near school.,hinglish,Chikpete,roads,high
Stray dogs are creating safety issues in Shakthiganapathi Nagar.,en,Shakthiganapathi Nagar,health_safety,critical
Hongasandra में नाली बंद है।,hi,Hongasandra,drainage,high
Hemmigepura me garbage burning se smoke aur breathing problem ho rahi hai.,hinglish,Hemmigepura,health_safety,critical
Kengeri me sewer water street par aa raha hai.,hinglish,Kengeri,drainage,high
Street light is not working in Thanisandra near market for one week.,en,Thanisandra,street_lights,medium
Ward 11 में बिजली के खंभे का बॉक्स खुला है और खतरा है।,hi,Ward 11,electricity,low
Ejipura में सड़क की हालत खराब है।,hi,Ejipura,roads,high
Road repair is needed in Uttarahalli for 2 days.,en,Uttarahalli,roads,medium
Varthur में कई दिनों से स्ट्रीट लाइट काम नहीं कर रही है।,hi,Varthur,street_lights,medium
Vidyapeetha में स्ट्रीट लाइट की मरम्मत की जरूरत है।,hi,Vidyapeetha,street_lights,medium
Horamavu में खुले में कचरा पड़ा है।,hi,Horamavu,sanitation,high
Kadugodi में मच्छर बढ़ रहे हैं।,hi,Kadugodi,health_safety,critical
Ullalu में सड़क पर बड़ा गड्ढा है।,hi,Ullalu,roads,high
Gayathri Nagar me safai properly nahi ho rahi.,hinglish,Gayathri Nagar,sanitation,medium
Drain water is overflowing on the road in Benniganahalli.,en,Benniganahalli,drainage,critical
Singasandra me broken road se accident ka risk hai.,hinglish,Singasandra,roads,medium
Hoysala Nagar में नाली का पानी सड़क पर आ रहा है।,hi,Hoysala Nagar,drainage,high
Ganeshmandira Ward में सार्वजनिक सेवा से जुड़ी समस्या है।,hi,Ganeshmandira Ward,public_services,medium
Garbage has not been collected in Singasandra for one week.,en,Singasandra,sanitation,high
A dead animal is lying in Chikpete and causing foul smell.,en,Chikpete,health_safety,critical
Ejipura में मरा हुआ जानवर पड़ा है और बदबू आ रही है।,hi,Ejipura,health_safety,critical
HBR Layout me sewer water street par aa raha hai.,hinglish,HBR Layout,drainage,critical
Vidyaranyapura me public service issue hai.,hinglish,Vidyaranyapura,public_services,medium
Hosakerehalli me broken road se accident ka risk hai.,hinglish,Hosakerehalli,roads,low
Gottigere me raat ko andhera rehta hai street light kharab hai.,hinglish,Gottigere,street_lights,critical
Jeevanbhima Nagar में सार्वजनिक सुरक्षा से जुड़ी समस्या है।,hi,Jeevanbhima Nagar,health_safety,low
Begur me public safety issue hai near main road.,hinglish,Begur,health_safety,critical
Water supply has not come in Uttarahalli for 3 days.,en,Uttarahalli,water_supply,high
Varthur me drinking water dirty aur smell wala aa raha hai.,hinglish,Varthur,water_supply,high
Manorayanapalya में नाली का पानी सड़क पर आ रहा है।,hi,Manorayanapalya,drainage,high
Drain water is overflowing on the road in Garudacharpalya.,en,Garudacharpalya,drainage,high
Ward 7 में गंदा पानी सप्लाई हो रहा है।,hi,Ward 7,water_supply,critical
Voltage fluctuation in Jayanagar is damaging home appliances.,en,Jayanagar,electricity,high
Singasandra me road condition bahut kharab hai.,hinglish,Singasandra,roads,high
Hoodi me sewer water street par aa raha hai.,hinglish,Hoodi,drainage,high
Jakkur में सड़क की हालत खराब है।,hi,Jakkur,roads,high
Hoodi me public safety issue hai near park.,hinglish,Hoodi,health_safety,critical
Jayanagar East me street light band hai for one week.,hinglish,Jayanagar East,street_lights,medium
Sudduguntepalya में स्ट्रीट लाइट की मरम्मत की जरूरत है।,hi,Sudduguntepalya,street_lights,medium
Sarvagna Nagar में नगर निगम सेवा ठीक से काम नहीं कर रही है।,hi,Sarvagna Nagar,public_services,medium
Jogupalya me public service issue hai.,hinglish,Jogupalya,public_services,medium
A live electric wire is hanging in Ward 3 near school.,en,Ward 3,electricity,low
Yelahanka me paani supply nahi aa rahi since yesterday.,hinglish,Yelahanka,water_supply,high
Arakere में कचरा जलाने से धुआं फैल रहा है।,hi,Arakere,health_safety,critical
Vignana Nagar में ट्रांसफार्मर से चिंगारी निकल रही है।,hi,Vignana Nagar,electricity,critical
Drain water is overflowing on the road in Kottigepalya.,en,Kottigepalya,drainage,high
Thanisandra me sewer water street par aa raha hai.,hinglish,Thanisandra,drainage,high
Water is stagnant in Garudacharpalya and mosquitoes are increasing.,en,Garudacharpalya,drainage,critical
Waste collection is not happening properly in Nagavara.,en,Nagavara,sanitation,high
Ward 9 me drinking water dirty aur smell wala aa raha hai.,hinglish,Ward 9,water_supply,low
Gandhi Nagar me road repair ki zarurat hai since yesterday.,hinglish,Gandhi Nagar,roads,medium
Transformer is sparking in Dodda Bidarkallu near park.,en,Dodda Bidarkallu,electricity,critical
Vignana Nagar me road condition bahut kharab hai.,hinglish,Vignana Nagar,roads,high
Chalavadipalya me safai properly nahi ho rahi.,hinglish,Chalavadipalya,sanitation,high
Bellandur me machhar badh rahe hain.,hinglish,Bellandur,health_safety,critical
Agaram में कचरा जलाने से धुआं फैल रहा है।,hi,Agaram,health_safety,high
There is a public service issue in Bilekahalli.,en,Bilekahalli,public_services,medium
Horamavu में कचरा जलाने से धुआं फैल रहा है।,hi,Horamavu,health_safety,critical
Rajarajeshwari Nagar me nali ka paani road par aa raha hai.,hinglish,Rajarajeshwari Nagar,drainage,high
Horamavu me road par bada gadda hai near ward office.,hinglish,Horamavu,roads,high
Jnanabharathi Ward में रात को अंधेरा रहता है क्योंकि स्ट्रीट लाइट खराब है।,hi,Jnanabharathi Ward,street_lights,medium
HSR Layout में सड़क पर बड़ा गड्ढा है।,hi,HSR Layout,roads,high
Hemmigepura me sewer water street par aa raha hai.,hinglish,Hemmigepura,drainage,low
Hemmigepura me street light pole repair karna hai near temple.,hinglish,Hemmigepura,street_lights,medium
Water pressure is very low in Begur.,en,Begur,water_supply,high
Vasanth Nagar me road condition bahut kharab hai.,hinglish,Vasanth Nagar,roads,high
Karisandra wali gali me street lights kaam nahi kar rahi.,hinglish,Karisandra,street_lights,medium
Dodda Bidarkallu में स्ट्रीट लाइट की मरम्मत की जरूरत है।,hi,Dodda Bidarkallu,street_lights,medium
Transformer is sparking in Sudduguntepalya near main road.,en,Sudduguntepalya,electricity,critical
Hoodi में बिजली का तार नीचे लटक रहा है।,hi,Hoodi,electricity,critical
Singasandra में स्ट्रीट लाइट की मरम्मत की जरूरत है।,hi,Singasandra,street_lights,medium
Domlur में सीवेज का पानी सड़क पर बह रहा है।,hi,Domlur,drainage,critical
Singasandra में कचरे से बदबू फैल रही है।,hi,Singasandra,sanitation,critical
The street light in Horamavu has been off for 3 days and the road is dark.,en,Horamavu,street_lights,medium
Koramangala me public service issue hai.,hinglish,Koramangala,public_services,medium
Begur में नाली का पानी सड़क पर आ रहा है।,hi,Begur,drainage,high
Sweeping has not been done in Sunkenahalli and the area is dirty.,en,Sunkenahalli,sanitation,high
Shettyhalli me live wire latak raha hai near market.,hinglish,Shettyhalli,electricity,critical
The street light in Maruthi Seva Nagar has been off for several days and the road is dark.,en,Maruthi Seva Nagar,street_lights,medium
Basavanagudi में सफाई ठीक से नहीं हो रही है।,hi,Basavanagudi,sanitation,medium
Garbage burning in Domlur is causing smoke and breathing problems.,en,Domlur,health_safety,critical
Road condition is poor in Basavanagudi and vehicles are facing issues.,en,Basavanagudi,roads,high
Hoysala Nagar में रात को अंधेरा रहता है क्योंकि स्ट्रीट लाइट खराब है।,hi,Hoysala Nagar,street_lights,medium
Transformer is sparking in Dr.Rajkumar Ward near temple.,en,Dr.Rajkumar Ward,electricity,critical
Maruthi Seva Nagar में स्ट्रीट लाइट की मरम्मत की जरूरत है।,hi,Maruthi Seva Nagar,street_lights,medium
Chikpete me nali ka paani road par aa raha hai.,hinglish,Chikpete,drainage,high
Garbage is dumped openly in Padmanabha Nagar near school.,en,Padmanabha Nagar,sanitation,high
Vasanthapura में सड़क पर बड़ा गड्ढा है।,hi,Vasanthapura,roads,high
Kempegowda Ward me municipal service properly kaam nahi kar rahi.,hinglish,Kempegowda Ward,public_services,medium
Horamavu में सड़क की मरम्मत की जरूरत है।,hi,Horamavu,roads,high
Bagalagunte me street light pole repair karna hai near ward office.,hinglish,Bagalagunte,street_lights,medium
Ward 3 me transformer se spark aa raha hai near apartment gate.,hinglish,Ward 3,electricity,critical
Newthippasandra में मरा हुआ जानवर पड़ा है और बदबू आ रही है।,hi,Newthippasandra,health_safety,critical
Gandhi Nagar me road condition bahut kharab hai.,hinglish,Gandhi Nagar,roads,high
Someshwara me garbage burning se smoke aur breathing problem ho rahi hai.,hinglish,Someshwara,health_safety,critical
Waste collection is not happening properly in Varthur.,en,Varthur,sanitation,high
The road in Ramamurthy Nagar is damaged and may cause accidents.,en,Ramamurthy Nagar,roads,low
Water is stagnant in Anjanapur and mosquitoes are increasing.,en,Anjanapur,drainage,critical
Sarakki se civic service related complaint hai.,hinglish,Sarakki,public_services,low
Jakkur में बिजली नहीं आ रही है।,hi,Jakkur,electricity,high
Drain water is overflowing on the road in Bagalagunte.,en,Bagalagunte,drainage,high
Yelachenahalli में कचरा जलाने से धुआं फैल रहा है।,hi,Yelachenahalli,health_safety,high
Gottigere में कचरे से बदबू फैल रही है।,hi,Gottigere,sanitation,critical
Konanakunte में कई दिनों से स्ट्रीट लाइट काम नहीं कर रही है।,hi,Konanakunte,street_lights,medium
Shanthala Nagar me road par bada gadda hai near temple.,hinglish,Shanthala Nagar,roads,high
Yelahanka old Satellite Town me broken road se accident ka risk hai.,hinglish,Yelahanka old Satellite Town,roads,high
Sweeping has not been done in Nagapura and the area is dirty.,en,Nagapura,sanitation,high
Domlur में नाली बंद है।,hi,Domlur,drainage,high
Dodda Bidarkallu me stray dogs se safety issue hai.,hinglish,Dodda Bidarkallu,health_safety,critical
Hongasandra में सड़क की मरम्मत की जरूरत है।,hi,Hongasandra,roads,high
Garbage burning in Basavanapura is causing smoke and breathing problems.,en,Basavanapura,health_safety,critical
Banaswadi me voltage fluctuation se appliances kharab ho rahe hain.,hinglish,Banaswadi,electricity,high
BTM Layout में कचरे से बदबू फैल रही है।,hi,BTM Layout,sanitation,critical
The public facility in Kacharakanahalli needs maintenance.,en,Kacharakanahalli,public_services,low
Ward 2 me live wire latak raha hai near apartment gate.,hinglish,Ward 2,electricity,critical
Garbage is dumped openly in Katriguppe near main road.,en,Katriguppe,sanitation,high
Street light is not working in Hemmigepura near residential area for 3 days.,en,Hemmigepura,street_lights,medium
Attiguppe se civic service related complaint hai.,hinglish,Attiguppe,public_services,low
Basavanapura me public safety issue hai near market.,hinglish,Basavanapura,health_safety,critical
Hemmigepura में कचरा जलाने से धुआं फैल रहा है।,hi,Hemmigepura,health_safety,critical
Nagavara में कचरा नहीं उठाया गया है।,hi,Nagavara,sanitation,high
Basavanapura me pipeline leak ho rahi hai near park.,hinglish,Basavanapura,water_supply,high
Malleshwaram se civic service related complaint hai.,hinglish,Malleshwaram,public_services,low
The lane in Sagayapuram becomes unsafe at night because street lights are not working.,en,Sagayapuram,street_lights,critical
Padmanabha Nagar में स्ट्रीट लाइट की मरम्मत की जरूरत है।,hi,Padmanabha Nagar,street_lights,medium
Road repair is needed in Hanumantha Nagar for 3 days.,en,Hanumantha Nagar,roads,medium
Ramamurthy Nagar me drinking water dirty aur smell wala aa raha hai.,hinglish,Ramamurthy Nagar,water_supply,high
Chowdeshwari Ward में पीने के पानी में बदबू और गंदगी है।,hi,Chowdeshwari Ward,water_supply,critical
Begur me paani supply nahi aa rahi for 2 days.,hinglish,Begur,water_supply,high
Street light is not working in Rajagopala Nagar near ward office for 3 days.,en,Rajagopala Nagar,street_lights,medium
Herohalli me sewer water street par aa raha hai.,hinglish,Herohalli,drainage,high
Road condition is poor in Pattabhiram Nagar and vehicles are facing issues.,en,Pattabhiram Nagar,roads,high
Singasandra me kachra collect nahi hua for 3 days.,hinglish,Singasandra,sanitation,high
There is a large pothole on the road in Ganga Nagar near apartment gate.,en,Ganga Nagar,roads,high
Jakkur me transformer se spark aa raha hai near temple.,hinglish,Jakkur,electricity,critical
Pipeline is leaking in Indiranagar near park.,en,Indiranagar,water_supply,high
Rajarajeshwari Nagar में टूटी सड़क से दुर्घटना का खतरा है।,hi,Rajarajeshwari Nagar,roads,high
There is no electricity in Katriguppe since yesterday.,en,Katriguppe,electricity,high
Singasandra me kachra collect nahi hua since yesterday.,hinglish,Singasandra,sanitation,high
Horamavu में स्ट्रीट लाइट बंद है।,hi,Horamavu,street_lights,medium
Uttarahalli में पानी का प्रेशर बहुत कम है।,hi,Uttarahalli,water_supply,high
Sewage water is flowing on the street in Gottigere.,en,Gottigere,drainage,critical
Pipeline is leaking in HSR Layout near ward office.,en,HSR Layout,water_supply,high
Garbage is dumped openly in Rajarajeshwari Nagar near apartment gate.,en,Rajarajeshwari Nagar,sanitation,high
There is no electricity in Bellandur for one week.,en,Bellandur,electricity,high
Hemmigepura में कचरे से बदबू फैल रही है।,hi,Hemmigepura,sanitation,critical
There is a large pothole on the road in Vignana Nagar near main road.,en,Vignana Nagar,roads,high
T Dasarahalli me safai properly nahi ho rahi.,hinglish,T-Dasarahalli,sanitation,high
Street light pole in Ramamurthy Nagar needs repair near temple.,en,Ramamurthy Nagar,street_lights,medium
Lakshmidevi Nagar me street light band hai for 2 days.,hinglish,Lakshmidevi Nagar,street_lights,medium
Begur में सीवेज का पानी सड़क पर बह रहा है।,hi,Begur,drainage,critical
Gottigere में स्ट्रीट लाइट बंद है।,hi,Gottigere,street_lights,medium
Water supply has not come in Ward 1 for several days.,en,Ward 1,water_supply,high
Dharmarayaswamy Temple Ward me kachra collect nahi hua for 2 days.,hinglish,Dharmarayaswamy Temple Ward,sanitation,high
Uttarahalli me public safety issue hai near park.,hinglish,Uttarahalli,health_safety,critical
Road repair is needed in Moodalapalya for one week.,en,Moodalapalya,roads,high
A live electric wire is hanging in Ward 9 near residential area.,en,Ward 9,electricity,low
Drainage is blocked in Thanisandra near bus stop.,en,Thanisandra,drainage,high
There is a public safety issue in Ejipura near apartment gate.,en,Ejipura,health_safety,critical
There is no electricity in Ward 2 for one week.,en,Ward 2,electricity,high
Garbage burning in Kuvempu Nagar is causing smoke and breathing problems.,en,Kuvempu Nagar,health_safety,critical
Ward 8 me pipeline leak ho rahi hai near school.,hinglish,Ward 8,water_supply,high
Sewage water is flowing on the street in Bellandur.,en,Bellandur,drainage,critical
Transformer is sparking in Someshwara near main road.,en,Someshwara,electricity,critical
There is a public safety issue in J.P.Nagar near park.,en,J.P.Nagar,health_safety,critical
Chikpete में सार्वजनिक सुविधा की मरम्मत की जरूरत है।,hi,Chikpete,public_services,low
S.K.Garden wali gali me street lights kaam nahi kar rahi.,hinglish,S.K.Garden,street_lights,medium
Ullalu में पीने के पानी में बदबू और गंदगी है।,hi,Ullalu,water_supply,critical
Bagalagunte में सफाई ठीक से नहीं हो रही है।,hi,Bagalagunte,sanitation,high
Maruthi Seva Nagar se civic service related complaint hai.,hinglish,Maruthi Seva Nagar,public_services,low
Transformer is sparking in Hebbal near market.,en,Hebbal,electricity,critical
Konena Agrahara में टूटी सड़क से दुर्घटना का खतरा है।,hi,Konena Agrahara,roads,low
Banaswadi में सार्वजनिक सुरक्षा से जुड़ी समस्या है।,hi,Banaswadi,health_safety,low
Konanakunte में सड़क पर बड़ा गड्ढा है।,hi,Konanakunte,roads,high
HSR Layout में आवारा कुत्तों से सुरक्षा समस्या है।,hi,HSR Layout,health_safety,low
The public facility in Peenya Industrial Area needs maintenance.,en,Peenya Industrial Area,public_services,low
Street light is not working in Someshwara near school for 3 days.,en,Someshwara,street_lights,medium
Rajarajeshwari Nagar में सड़क की हालत खराब है।,hi,Rajarajeshwari Nagar,roads,medium
Anjanapur wali gali me street lights kaam nahi kar rahi.,hinglish,Anjanapur,street_lights,medium
Rajarajeshwari Nagar में सड़क की मरम्मत की जरूरत है।,hi,Rajarajeshwari Nagar,roads,low
Water is stagnant in Thanisandra and mosquitoes are increasing.,en,Thanisandra,drainage,critical
Bellandur me water pressure bahut low hai.,hinglish,Bellandur,water_supply,high
Voltage fluctuation in Agrahara Dasarahalli is damaging home appliances.,en,Agrahara Dasarahalli,electricity,high
Road condition is poor in Dharmarayaswamy Temple Ward and vehicles are facing issues.,en,Dharmarayaswamy Temple Ward,roads,high
Water is stagnant in Padmanabha Nagar and mosquitoes are increasing.,en,Padmanabha Nagar,drainage,critical
Ullalu में गंदा पानी सप्लाई हो रहा है।,hi,Ullalu,water_supply,critical
Basavanagudi me dead animal pada hai aur badbu aa rahi hai.,hinglish,Basavanagudi,health_safety,critical
Ullalu में रात को अंधेरा रहता है क्योंकि स्ट्रीट लाइट खराब है।,hi,Ullalu,street_lights,medium
Water pressure is very low in Herohalli.,en,Herohalli,water_supply,high
Kengeri wali gali me street lights kaam nahi kar rahi.,hinglish,Kengeri,street_lights,medium
Thanisandra me drainage block hai near hospital.,hinglish,Thanisandra,drainage,high
Ward 4 me paani supply nahi aa rahi for several days.,hinglish,Ward 4,water_supply,high
The public facility in Nandini Layout needs maintenance.,en,Nandini Layout,public_services,low
BTM Layout में सीवेज का पानी सड़क पर बह रहा है।,hi,BTM Layout,drainage,critical
Maruthi Seva Nagar me contaminated water supply ho raha hai.,hinglish,Maruthi Seva Nagar,water_supply,critical
Garbage burning in Mangammanapalya is causing smoke and breathing problems.,en,Mangammanapalya,health_safety,critical
The street light in Rajarajeshwari Nagar has been off for several days and the road is dark.,en,Rajarajeshwari Nagar,street_lights,medium
Street light is not working in Jeevanbhima Nagar near main road since yesterday.,en,Jeevanbhima Nagar,street_lights,medium
Ullalu me bijli nahi aa rahi since yesterday.,hinglish,Ullalu,electricity,high
Ward 12 में पानी का प्रेशर बहुत कम है।,hi,Ward 12,water_supply,high
Civic service request from Okalipuram needs attention.,en,Okalipuram,public_services,low
Pipeline is leaking in Begur near market.,en,Begur,water_supply,high
Bellandur me sewer water street par aa raha hai.,hinglish,Bellandur,drainage,low
Sewage water is flowing on the street in Ullalu.,en,Ullalu,drainage,critical
Vignana Nagar में सीवेज का पानी सड़क पर बह रहा है।,hi,Vignana Nagar,drainage,critical
Yelachenahalli me street light band hai for several days.,hinglish,Yelachenahalli,street_lights,medium
Sudduguntepalya me drainage block hai near hospital.,hinglish,Sudduguntepalya,drainage,critical
Water supply has not come in Whitefield for 2 days.,en,Whitefield,water_supply,high
Koramangala se civic service related complaint hai.,hinglish,Koramangala,public_services,low
The lane in Kodigehalli becomes unsafe at night because street lights are not working.,en,Kodigehalli,street_lights,critical
Road condition is poor in Rajarajeshwari Nagar and vehicles are facing issues.,en,Rajarajeshwari Nagar,roads,high
Rajaji Nagar में बिजली नहीं आ रही है।,hi,Rajaji Nagar,electricity,high
Mosquito breeding is increasing in Shiva Nagar due to stagnant water.,en,Shiva Nagar,health_safety,critical
Doddanekkundi में खुले में कचरा पड़ा है।,hi,Doddanekkundi,sanitation,high
There is a large pothole on the road in Ganeshmandira Ward near residential area.,en,Ganeshmandira Ward,roads,high
Chikkalasandra में कचरा नहीं उठाया गया है।,hi,Chikkalasandra,sanitation,high
Garbage is dumped openly in Jayangar near ward office.,en,Jayangar,sanitation,high
Contaminated water is being supplied in Garudacharpalya.,en,Garudacharpalya,water_supply,critical
Jnanabharathi Ward me raat ko andhera rehta hai street light kharab hai.,hinglish,Jnanabharathi Ward,street_lights,medium
HSR Layout में नगर निगम सेवा ठीक से काम नहीं कर रही है।,hi,HSR Layout,public_services,medium
Doddanekkundi में कचरे से बदबू फैल रही है।,hi,Doddanekkundi,sanitation,critical
The public facility in Madiwala needs maintenance.,en,Madiwala,public_services,low
Water is stagnant in Sudduguntepalya and mosquitoes are increasing.,en,Sudduguntepalya,drainage,critical
Byatarayanapura में पीने के पानी में बदबू और गंदगी है।,hi,Byatarayanapura,water_supply,critical
Drainage is blocked in Varthur near main road.,en,Varthur,drainage,critical
Kumaraswamy Layout में खुले में कचरा पड़ा है।,hi,Kumaraswamy Layout,sanitation,high
Sunkenahalli में कचरे से बदबू फैल रही है।,hi,Sunkenahalli,sanitation,critical
Sarakki me machhar badh rahe hain.,hinglish,Sarakki,health_safety,critical
There is a large pothole on the road in Ramamurthy Nagar near temple.,en,Ramamurthy Nagar,roads,high
Bellandur me drinking water dirty aur smell wala aa raha hai.,hinglish,Bellandur,water_supply,high
Bellandur me nali ka paani road par aa raha hai.,hinglish,Bellandur,drainage,high
Bellandur में सड़क की मरम्मत की जरूरत है।,hi,Bellandur,roads,high
Street light pole in Giri Nagar needs repair near park.,en,Giri Nagar,street_lights,medium
Voltage fluctuation in K.R.Puram is damaging home appliances.,en,K.R.Puram,electricity,high
Ward 7 में ट्रांसफार्मर से चिंगारी निकल रही है।,hi,Ward 7,electricity,critical
Sweeping has not been done in Vishwanathnagenahalli and the area is dirty.,en,Vishwanathnagenahalli,sanitation,high
Garbage has not been collected in Someshwara since yesterday.,en,Someshwara,sanitation,high
Visvesvarapuram में वोल्टेज बार बार घट बढ़ रहा है।,hi,Visvesvarapuram,electricity,high
Jakkur में बिजली के खंभे का बॉक्स खुला है और खतरा है।,hi,Jakkur,electricity,low
Water is stagnant in Hagadooru and mosquitoes are increasing.,en,Hagadooru,drainage,critical
Ward 9 में वोल्टेज बार बार घट बढ़ रहा है।,hi,Ward 9,electricity,high
The street light in Sarakki has been off for 3 days and the road is dark.,en,Sarakki,street_lights,medium
Street light pole in Chamrajpet needs repair near market.,en,Chamrajpet,street_lights,medium
Street light is not working in Sri Rammandira near park since yesterday.,en,Sri Rammandira,street_lights,medium
A live electric wire is hanging in Ward 6 near ward office.,en,Ward 6,electricity,low
Rajajinagar में बिजली नहीं आ रही है।,hi,Rajajinagar,electricity,high
Ullalu me bijli nahi aa rahi for 3 days.,hinglish,Ullalu,electricity,high
Giri Nagar में ट्रांसफार्मर से चिंगारी निकल रही है।,hi,Giri Nagar,electricity,critical
Ward 12 me pipeline leak ho rahi hai near park.,hinglish,Ward 12,water_supply,high
A dead animal is lying in Hemmigepura and causing foul smell.,en,Hemmigepura,health_safety,critical
Road repair is needed in Someshwara since yesterday.,en,Someshwara,roads,medium
Jayangar में सार्वजनिक सेवा से जुड़ी समस्या है।,hi,Jayangar,public_services,medium
Ward 3 में गंदा पानी सप्लाई हो रहा है।,hi,Ward 3,water_supply,critical
Shanthi Nagar में स्ट्रीट लाइट बंद है।,hi,Shanthi Nagar,street_lights,medium
The lane in Shettyhalli becomes unsafe at night because street lights are not working.,en,Shettyhalli,street_lights,critical
Someshwara me road par bada gadda hai near residential area.,hinglish,Someshwara,roads,high
Koramangala में सार्वजनिक सुविधा की मरम्मत की जरूरत है।,hi,Koramangala,public_services,low
Garbage has not been collected in Giri Nagar since yesterday.,en,Giri Nagar,sanitation,high
The street light in A.Narayanapura has been off for 3 days and the road is dark.,en,A.Narayanapura,street_lights,medium
Singasandra में पानी का प्रेशर बहुत कम है।,hi,Singasandra,water_supply,high
Sarakki में खुले में कचरा पड़ा है।,hi,Sarakki,sanitation,high
Garbage has not been collected in Kumaraswamy Layout for one week.,en,Kumaraswamy Layout,sanitation,high
Water is stagnant in Kodigehalli and mosquitoes are increasing.,en,Kodigehalli,drainage,critical
Waste collection is not happening properly in HBR Layout.,en,HBR Layout,sanitation,high
Street light pole in Pulikeshi Nagar needs repair near hospital.,en,Pulikeshi Nagar,street_lights,medium
Ullalu me kachre se badbu aa rahi hai.,hinglish,Ullalu,sanitation,critical
Hongasandra में रात को अंधेरा रहता है क्योंकि स्ट्रीट लाइट खराब है।,hi,Hongasandra,street_lights,medium
Chowdeshwari Ward में स्ट्रीट लाइट बंद है।,hi,Chowdeshwari Ward,street_lights,medium
Drinking water in Rajajinagar is dirty and smells bad.,en,Rajajinagar,water_supply,low
Gottigere me garbage burning se smoke aur breathing problem ho rahi hai.,hinglish,Gottigere,health_safety,critical
Varthur में पीने के पानी में बदबू और गंदगी है।,hi,Varthur,water_supply,critical
Uttarahalli me garbage burning se smoke aur breathing problem ho rahi hai.,hinglish,Uttarahalli,health_safety,critical
Bagalagunte me safai properly nahi ho rahi.,hinglish,Bagalagunte,sanitation,high
Hoysala Nagar में सीवेज का पानी सड़क पर बह रहा है।,hi,Hoysala Nagar,drainage,critical
Hemmigepura me public safety issue hai near school.,hinglish,Hemmigepura,health_safety,critical
Shanthala Nagar में टूटी सड़क से दुर्घटना का खतरा है।,hi,Shanthala Nagar,roads,low
Ward 11 me bijli nahi aa rahi for several days.,hinglish,Ward 11,electricity,high
There is a public service issue in Doddanekkundi.,en,Doddanekkundi,public_services,medium
Ward 6 में बिजली के खंभे का बॉक्स खुला है और खतरा है।,hi,Ward 6,electricity,low
The street light in Vannarpet has been off for several days and the road is dark.,en,Vannarpet,street_lights,medium
The road in Pulikeshi Nagar is damaged and may cause accidents.,en,Pulikeshi Nagar,roads,low
Ganeshmandira Ward me public facility maintenance chahiye.,hinglish,Ganeshmandira Ward,public_services,low
Ward 11 में पानी की सप्लाई नहीं आ रही है।,hi,Ward 11,water_supply,high
Garbage is dumped openly in Vijanapura near residential area.,en,Vijanapura,sanitation,medium
Shanthi Nagar में सड़क की हालत खराब है।,hi,Shanthi Nagar,roads,high
Ward 10 में पानी का प्रेशर बहुत कम है।,hi,Ward 10,water_supply,high
Water pressure is very low in Rajajinagar.,en,Rajajinagar,water_supply,low
Vignana Nagar में पानी जमा है और मच्छर बढ़ रहे हैं।,hi,Vignana Nagar,drainage,high
Begur me municipal service properly kaam nahi kar rahi.,hinglish,Begur,public_services,medium
Ward 1 में वोल्टेज बार बार घट बढ़ रहा है।,hi,Ward 1,electricity,high
Padmanabha Nagar me kachre se badbu aa rahi hai.,hinglish,Padmanabha Nagar,sanitation,critical
Ward 11 me pipeline leak ho rahi hai near market.,hinglish,Ward 11,water_supply,high
Sweeping has not been done in K.R.Puram and the area is dirty.,en,K.R.Puram,sanitation,medium
Drainage is blocked in Vignana Nagar near apartment gate.,en,Vignana Nagar,drainage,high
There is a public safety issue in Kumaraswamy Layout near ward office.,en,Kumaraswamy Layout,health_safety,critical
Jnanabharathi Ward में कई दिनों से स्ट्रीट लाइट काम नहीं कर रही है।,hi,Jnanabharathi Ward,street_lights,medium
Mosquito breeding is increasing in Horamavu due to stagnant water.,en,Horamavu,health_safety,critical
Yelahanka में बिजली के खंभे का बॉक्स खुला है और खतरा है।,hi,Yelahanka,electricity,low
Civic service request from Begur needs attention.,en,Begur,public_services,low
Kumaraswamy Layout में सफाई ठीक से नहीं हो रही है।,hi,Kumaraswamy Layout,sanitation,high
Street light is not working in Hoysala Nagar near main road for several days.,en,Hoysala Nagar,street_lights,medium
Sagayapuram में कचरे से बदबू फैल रही है।,hi,Sagayapuram,sanitation,critical
Hagadooru में नाली का पानी सड़क पर आ रहा है।,hi,Hagadooru,drainage,critical
There is a large pothole on the road in Jakkur near residential area.,en,Jakkur,roads,high
Water pressure is very low in Thanisandra.,en,Thanisandra,water_supply,high
The road in Mangammanapalya is damaged and may cause accidents.,en,Mangammanapalya,roads,high
There is no electricity in Ward 11 since yesterday.,en,Ward 11,electricity,high
A dead animal is lying in Vidyapeetha and causing foul smell.,en,Vidyapeetha,health_safety,critical
Kumaraswamy Layout में मरा हुआ जानवर पड़ा है और बदबू आ रही है।,hi,Kumaraswamy Layout,health_safety,critical
Visvesvarapuram me street light band hai since yesterday.,hinglish,Visvesvarapuram,street_lights,medium
Civic service request from Maruthi Seva Nagar needs attention.,en,Maruthi Seva Nagar,public_services,low
Sewage water is flowing on the street in Hoysala Nagar.,en,Hoysala Nagar,drainage,critical
The road in Hebbal is damaged and may cause accidents.,en,Hebbal,roads,medium
Hoysala Nagar में मरा हुआ जानवर पड़ा है और बदबू आ रही है।,hi,Hoysala Nagar,health_safety,critical
Voltage fluctuation in Ward 5 is damaging home appliances.,en,Ward 5,electricity,high
HBR Layout में कचरा नहीं उठाया गया है।,hi,HBR Layout,sanitation,high
Kadugodi me live wire latak raha hai near hospital.,hinglish,Kadugodi,electricity,critical
Garbage burning in Ullalu is causing smoke and breathing problems.,en,Ullalu,health_safety,critical
Sewage water is flowing on the street in Jakkur.,en,Jakkur,drainage,critical
Horamavu me sewer water street par aa raha hai.,hinglish,Horamavu,drainage,high
A dead animal is lying in Begur and causing foul smell.,en,Begur,health_safety,critical
Hoodi में गंदा पानी सप्लाई हो रहा है।,hi,Hoodi,water_supply,critical
Sri Rammandira wali gali me street lights kaam nahi kar rahi.,hinglish,Sri Rammandira,street_lights,medium
Horamavu में नाली बंद है।,hi,Horamavu,drainage,high
Sunkenahalli me safai properly nahi ho rahi.,hinglish,Sunkenahalli,sanitation,high
The public facility in Bellandur needs maintenance.,en,Bellandur,public_services,low
J.P.Nagar में नगर निगम सेवा ठीक से काम नहीं कर रही है।,hi,J.P.Nagar,public_services,medium
Byatarayanapura se civic service related complaint hai.,hinglish,Byatarayanapura,public_services,low
Padmanabha Nagar me kachra collect nahi hua for one week.,hinglish,Padmanabha Nagar,sanitation,high
Ward 1 me live wire latak raha hai near ward office.,hinglish,Ward 1,electricity,critical
Road repair is needed in Rajarajeshwari Nagar since yesterday.,en,Rajarajeshwari Nagar,roads,medium
Dr.Rajkumar Ward me voltage fluctuation se appliances kharab ho rahe hain.,hinglish,Dr.Rajkumar Ward,electricity,high
Kodigehalli me dead animal pada hai aur badbu aa rahi hai.,hinglish,Kodigehalli,health_safety,critical
Lingarajapuram me garbage khula pada hai near ward office.,hinglish,Lingarajapuram,sanitation,medium
Drainage is blocked in Domlur near hospital.,en,Domlur,drainage,high
Voltage fluctuation in Rajajinagar is damaging home appliances.,en,Rajajinagar,electricity,high
Rajagopala Nagar में स्ट्रीट लाइट की मरम्मत की जरूरत है।,hi,Rajagopala Nagar,street_lights,medium
Uttarahalli me electric pole box open hai aur danger hai.,hinglish,Uttarahalli,electricity,critical
Hombegowda Nagar में सड़क पर बड़ा गड्ढा है।,hi,Hombegowda Nagar,roads,high
Dr.Rajkumar Ward में बिजली के खंभे का बॉक्स खुला है और खतरा है।,hi,Dr.Rajkumar Ward,electricity,low
The lane in Kottigepalya becomes unsafe at night because street lights are not working.,en,Kottigepalya,street_lights,critical
Begur में सड़क की हालत खराब है।,hi,Begur,roads,high
Municipal service is not working properly in Banaswadi.,en,Banaswadi,public_services,medium
Drain water is overflowing on the road in Dodda Bidarkallu.,en,Dodda Bidarkallu,drainage,high
Begur में गंदा पानी सप्लाई हो रहा है।,hi,Begur,water_supply,critical
Byatarayanapura me street light pole repair karna hai near school.,hinglish,Byatarayanapura,street_lights,medium
Begur me street light band hai since yesterday.,hinglish,Begur,street_lights,medium
Electric pole box is open in Ward 1 and it is unsafe.,en,Ward 1,electricity,critical
Bapuji Nagar में बिजली के खंभे का बॉक्स खुला है और खतरा है।,hi,Bapuji Nagar,electricity,low
Voltage fluctuation in Ward 8 is damaging home appliances.,en,Ward 8,electricity,high
Vrushabhavati Nagar में सड़क की हालत खराब है।,hi,Vrushabhavati Nagar,roads,low
Transformer is sparking in Hoodi near market.,en,Hoodi,electricity,critical
Sarakki me road repair ki zarurat hai since yesterday.,hinglish,Sarakki,roads,medium
Thanisandra में सार्वजनिक सुरक्षा से जुड़ी समस्या है।,hi,Thanisandra,health_safety,critical
Ward 8 me paani supply nahi aa rahi for 3 days.,hinglish,Ward 8,water_supply,high
Road condition is poor in Begur and vehicles are facing issues.,en,Begur,roads,high
Hoysala Nagar me street light band hai for 2 days.,hinglish,Hoysala Nagar,street_lights,medium
Vishwanathnagenahalli me contaminated water supply ho raha hai.,hinglish,Vishwanathnagenahalli,water_supply,critical
The street light in Kottigepalya has been off since yesterday and the road is dark.,en,Kottigepalya,street_lights,medium
Garbage is dumped openly in Ramaswamy Palya near apartment gate.,en,Ramaswamy Palya,sanitation,high
Someshwara में आवारा कुत्तों से सुरक्षा समस्या है।,hi,Someshwara,health_safety,critical
Sewage water is flowing on the street in Nagapura.,en,Nagapura,drainage,critical
The street light in Arakere has been off since yesterday and the road is dark.,en,Arakere,street_lights,medium
Marenahalli में सार्वजनिक सुविधा की मरम्मत की जरूरत है।,hi,Marenahalli,public_services,low
Varthur me public service issue hai.,hinglish,Varthur,public_services,medium
Water supply has not come in Ward 7 for several days.,en,Ward 7,water_supply,high
Uttarahalli me municipal service properly kaam nahi kar rahi.,hinglish,Uttarahalli,public_services,medium
Manorayanapalya me municipal service properly kaam nahi kar rahi.,hinglish,Manorayanapalya,public_services,medium
Contaminated water is being supplied in Ward 2.,en,Ward 2,water_supply,critical
Drain water is overflowing on the road in Konena Agrahara.,en,Konena Agrahara,drainage,high
Municipal service is not working properly in Mangammanapalya.,en,Mangammanapalya,public_services,medium
Vasanthapura में नाली बंद है।,hi,Vasanthapura,drainage,high
Kottigepalya में मरा हुआ जानवर पड़ा है और बदबू आ रही है।,hi,Kottigepalya,health_safety,critical
Karisandra में सार्वजनिक सुविधा की मरम्मत की जरूरत है।,hi,Karisandra,public_services,low
Ramamurthy Nagar में सार्वजनिक सुरक्षा से जुड़ी समस्या है।,hi,Ramamurthy Nagar,health_safety,critical
Basavanapura में पानी जमा है और मच्छर बढ़ रहे हैं।,hi,Basavanapura,drainage,critical
Sweeping has not been done in Maruthi Seva Nagar and the area is dirty.,en,Maruthi Seva Nagar,sanitation,medium
Waste collection is not happening properly in Gottigere.,en,Gottigere,sanitation,high
Subramanya Nagar में वोल्टेज बार बार घट बढ़ रहा है।,hi,Subramanya Nagar,electricity,high
C.V.Raman Nagar में गंदा पानी सप्लाई हो रहा है।,hi,C.V.Raman Nagar,water_supply,critical
Bilekahalli me garbage khula pada hai near ward office.,hinglish,Bilekahalli,sanitation,medium
Sewage water is flowing on the street in Kottigepalya.,en,Kottigepalya,drainage,critical
Garudacharpalya me public service issue hai.,hinglish,Garudacharpalya,public_services,medium
Road condition is poor in Anjanapur and vehicles are facing issues.,en,Anjanapur,roads,high
Ramaswamy Palya में रात को अंधेरा रहता है क्योंकि स्ट्रीट लाइट खराब है।,hi,Ramaswamy Palya,street_lights,medium
There is a public service issue in Jeevanbhima Nagar.,en,Jeevanbhima Nagar,public_services,medium
Gangenahalli me public safety issue hai near temple.,hinglish,Gangenahalli,health_safety,low
Chowdeshwari Ward me machhar badh rahe hain.,hinglish,Chowdeshwari Ward,health_safety,critical
Ganga Nagar me public facility maintenance chahiye.,hinglish,Ganga Nagar,public_services,low
The public facility in Shanthala Nagar needs maintenance.,en,Shanthala Nagar,public_services,low
Contaminated water is being supplied in Ward 8.,en,Ward 8,water_supply,critical
Dodda Bidarkallu में सीवेज का पानी सड़क पर बह रहा है।,hi,Dodda Bidarkallu,drainage,critical
Chowdeshwari Ward me street light pole repair karna hai near hospital.,hinglish,Chowdeshwari Ward,street_lights,medium
Contaminated water is being supplied in Ward 12.,en,Ward 12,water_supply,critical
Gandhi Nagar me road repair ki zarurat hai for several days.,hinglish,Gandhi Nagar,roads,high
Sri Nagar me public service issue hai.,hinglish,Sri Nagar,public_services,medium
Kumaraswamy Layout me kachre se badbu aa rahi hai.,hinglish,Kumaraswamy Layout,sanitation,critical
Ward 4 me contaminated water supply ho raha hai.,hinglish,Ward 4,water_supply,critical
Thanisandra me pipeline leak ho rahi hai near apartment gate.,hinglish,Thanisandra,water_supply,high
Binnipet में खुले में कचरा पड़ा है।,hi,Binnipet,sanitation,high
Drinking water in Thanisandra is dirty and smells bad.,en,Thanisandra,water_supply,high
Mosquito breeding is increasing in Hosahalli due to stagnant water.,en,Hosahalli,health_safety,critical
The street light in Hongasandra has been off for one week and the road is dark.,en,Hongasandra,street_lights,medium
Hoodi me street light pole repair karna hai near park.,hinglish,Hoodi,street_lights,medium
K.R.Puram me safai properly nahi ho rahi.,hinglish,K.R.Puram,sanitation,medium
Devasandra में वोल्टेज बार बार घट बढ़ रहा है।,hi,Devasandra,electricity,high
Bellandur me drainage block hai near apartment gate.,hinglish,Bellandur,drainage,high
The public facility in Byrasandra needs maintenance.,en,Byrasandra,public_services,low
Malleshwaram से नागरिक सुविधा से जुड़ी शिकायत है।,hi,Malleshwaram,public_services,low
Ganeshmandira Ward me road condition bahut kharab hai.,hinglish,Ganeshmandira Ward,roads,high
Transformer is sparking in Ward 2 near school.,en,Ward 2,electricity,critical
Nagavara me road repair ki zarurat hai for several days.,hinglish,Nagavara,roads,high
Gandhi Nagar में सड़क की हालत खराब है।,hi,Gandhi Nagar,roads,medium
Vishwanathnagenahalli me nali ka paani road par aa raha hai.,hinglish,Vishwanathnagenahalli,drainage,critical
Vishwanathnagenahalli me live wire latak raha hai near main road.,hinglish,Vishwanathnagenahalli,electricity,critical
Hoysala Nagar wali gali me street lights kaam nahi kar rahi.,hinglish,Hoysala Nagar,street_lights,medium
Hemmigepura me public safety issue hai near park.,hinglish,Hemmigepura,health_safety,low
Doddanekkundi me nali ka paani road par aa raha hai.,hinglish,Doddanekkundi,drainage,high
Waste collection is not happening properly in Sunkenahalli.,en,Sunkenahalli,sanitation,medium
There is no electricity in Uttarahalli for one week.,en,Uttarahalli,electricity,high
There is a large pothole on the road in Horamavu near ward office.,en,Horamavu,roads,high
Mangammanapalya me contaminated water supply ho raha hai.,hinglish,Mangammanapalya,water_supply,critical
Drain water is overflowing on the road in Ganga Nagar.,en,Ganga Nagar,drainage,high
There is no electricity in Jakkur for several days.,en,Jakkur,electricity,high
Rajarajeshwari Nagar me public safety issue hai near market.,hinglish,Rajarajeshwari Nagar,health_safety,critical
Gangenahalli में कचरा जलाने से धुआं फैल रहा है।,hi,Gangenahalli,health_safety,high
Jnanabharathi Ward में नाली बंद है।,hi,Jnanabharathi Ward,drainage,high
There is a public service issue in Thanisandra.,en,Thanisandra,public_services,medium
Drain water is overflowing on the road in Puttenahalli.,en,Puttenahalli,drainage,high
Vasanthapura me broken road se accident ka risk hai.,hinglish,Vasanthapura,roads,high
Jakkur में नाली बंद है।,hi,Jakkur,drainage,high
Arakere में कचरा नहीं उठाया गया है।,hi,Arakere,sanitation,high
A live electric wire is hanging in Someshwara near main road.,en,Someshwara,electricity,low
Street light pole in Lakshmidevi Nagar needs repair near school.,en,Lakshmidevi Nagar,street_lights,medium
K.R.Market me broken road se accident ka risk hai.,hinglish,K.R.Market,roads,high
Horamavu में मरा हुआ जानवर पड़ा है और बदबू आ रही है।,hi,Horamavu,health_safety,critical
Water pressure is very low in Gurappanapalya.,en,Gurappanapalya,water_supply,high
Begur में वोल्टेज बार बार घट बढ़ रहा है।,hi,Begur,electricity,high
Kengeri में बिजली नहीं आ रही है।,hi,Kengeri,electricity,high
Sweeping has not been done in Jogupalya and the area is dirty.,en,Jogupalya,sanitation,high
Road repair is needed in Koramangala for 3 days.,en,Koramangala,roads,high
Kottigepalya me machhar badh rahe hain.,hinglish,Kottigepalya,health_safety,critical
Chikpete में स्ट्रीट लाइट की मरम्मत की जरूरत है।,hi,Chikpete,street_lights,medium
Stray dogs are creating safety issues in K.R.Puram.,en,K.R.Puram,health_safety,critical
HBR Layout me drainage block hai near apartment gate.,hinglish,HBR Layout,drainage,high
Sudam Nagar me kachra collect nahi hua for one week.,hinglish,Sudam Nagar,sanitation,high
Begur me raat ko andhera rehta hai street light kharab hai.,hinglish,Begur,street_lights,medium
Chikkalasandra में मरा हुआ जानवर पड़ा है और बदबू आ रही है।,hi,Chikkalasandra,health_safety,critical
Sewage water is flowing on the street in Mathikere.,en,Mathikere,drainage,critical
The public facility in Hampi Nagar needs maintenance.,en,Hampi Nagar,public_services,low
Electric pole box is open in H.M.T and it is unsafe.,en,H.M.T,electricity,critical
There is no electricity in Begur for one week.,en,Begur,electricity,high
Kengeri me live wire latak raha hai near main road.,hinglish,Kengeri,electricity,critical
Singasandra में नाली का पानी सड़क पर आ रहा है।,hi,Singasandra,drainage,high
There is a public service issue in Karisandra.,en,Karisandra,public_services,medium
Anjanapur me road repair ki zarurat hai since yesterday.,hinglish,Anjanapur,roads,medium
Stray dogs are creating safety issues in Vrushabhavati Nagar.,en,Vrushabhavati Nagar,health_safety,critical
Anjanapur में कई दिनों से स्ट्रीट लाइट काम नहीं कर रही है।,hi,Anjanapur,street_lights,medium
Ullalu me public facility maintenance chahiye.,hinglish,Ullalu,public_services,low
C.V.Raman Nagar me kachre se badbu aa rahi hai.,hinglish,C.V.Raman Nagar,sanitation,critical
There is no electricity in Arakere for 3 days.,en,Arakere,electricity,high
Jakkur में सीवेज का पानी सड़क पर बह रहा है।,hi,Jakkur,drainage,critical
Sweeping has not been done in Gali Anjaneya Swamy Temple Ward and the area is dirty.,en,Gali Anjaneya Swamy Temple Ward,sanitation,high
HSR Layout में मरा हुआ जानवर पड़ा है और बदबू आ रही है।,hi,HSR Layout,health_safety,critical
Drinking water in Ward 8 is dirty and smells bad.,en,Ward 8,water_supply,low
Begur में सड़क पर बड़ा गड्ढा है।,hi,Begur,roads,high
Waste collection is not happening properly in Jayachamarajendra Nagar.,en,Jayachamarajendra Nagar,sanitation,high
Civic service request from Sarakki needs attention.,en,Sarakki,public_services,low
H.M.T me live wire latak raha hai near ward office.,hinglish,H.M.T,electricity,critical
Drainage is blocked in Uttarahalli near bus stop.,en,Uttarahalli,drainage,high
The road in Rajagopala Nagar is damaged and may cause accidents.,en,Rajagopala Nagar,roads,high
Hebbal me pipeline leak ho rahi hai near apartment gate.,hinglish,Hebbal,water_supply,high
Vignana Nagar me paani jama hai aur machhar badh rahe hain.,hinglish,Vignana Nagar,drainage,high
Jogupalya me kachre se badbu aa rahi hai.,hinglish,Jogupalya,sanitation,critical
Thanisandra me raat ko andhera rehta hai street light kharab hai.,hinglish,Thanisandra,street_lights,medium
Vignana Nagar से नागरिक सुविधा से जुड़ी शिकायत है।,hi,Vignana Nagar,public_services,low
Someshwara में पानी की सप्लाई नहीं आ रही है।,hi,Someshwara,water_supply,high
Singasandra में पानी जमा है और मच्छर बढ़ रहे हैं।,hi,Singasandra,drainage,critical
Road repair is needed in Hombegowda Nagar for 3 days.,en,Hombegowda Nagar,roads,medium
Rajarajeshwari Nagar में कचरे से बदबू फैल रही है।,hi,Rajarajeshwari Nagar,sanitation,critical
Kengeri me live wire latak raha hai near school.,hinglish,Kengeri,electricity,critical
Garbage is dumped openly in Jnanabharathi Ward near apartment gate.,en,Jnanabharathi Ward,sanitation,high
Hebbal में टूटी सड़क से दुर्घटना का खतरा है।,hi,Hebbal,roads,medium
Road condition is poor in Giri Nagar and vehicles are facing issues.,en,Giri Nagar,roads,high
Ward 5 me live wire latak raha hai near main road.,hinglish,Ward 5,electricity,critical
Koramangala में सार्वजनिक सेवा से जुड़ी समस्या है।,hi,Koramangala,public_services,medium
Hagadooru me pipeline leak ho rahi hai near market.,hinglish,Hagadooru,water_supply,high
Water supply has not come in Yelachenahalli for several days.,en,Yelachenahalli,water_supply,high
Whitefield me drinking water dirty aur smell wala aa raha hai.,hinglish,Whitefield,water_supply,low
Vishwanathnagenahalli me municipal service properly kaam nahi kar rahi.,hinglish,Vishwanathnagenahalli,public_services,medium
Vidyapeetha से नागरिक सुविधा से जुड़ी शिकायत है।,hi,Vidyapeetha,public_services,low
Someshwara में बिजली का तार नीचे लटक रहा है।,hi,Someshwara,electricity,critical
Bellandur में पीने के पानी में बदबू और गंदगी है।,hi,Bellandur,water_supply,critical
The road in Shanthala Nagar is damaged and may cause accidents.,en,Shanthala Nagar,roads,medium
Drain water is overflowing on the road in Kamakshipalya.,en,Kamakshipalya,drainage,critical
Horamavu se civic service related complaint hai.,hinglish,Horamavu,public_services,low
Municipal service is not working properly in Someshwara.,en,Someshwara,public_services,medium
A.Narayanapura me safai properly nahi ho rahi.,hinglish,A.Narayanapura,sanitation,medium
Vijanapura me public service issue hai.,hinglish,Vijanapura,public_services,medium
Hoodi me electric pole box open hai aur danger hai.,hinglish,Hoodi,electricity,critical
Drain water is overflowing on the road in Singasandra.,en,Singasandra,drainage,high
Drinking water in Sarvagna Nagar is dirty and smells bad.,en,Sarvagna Nagar,water_supply,high
Pulikeshi Nagar में स्ट्रीट लाइट बंद है।,hi,Pulikeshi Nagar,street_lights,medium
Ullalu में कचरे से बदबू फैल रही है।,hi,Ullalu,sanitation,critical
Katriguppe me broken road se accident ka risk hai.,hinglish,Katriguppe,roads,low
Vignana Nagar में पाइपलाइन लीक हो रही है।,hi,Vignana Nagar,water_supply,high
Marappana Palya me transformer se spark aa raha hai near park.,hinglish,Marappana Palya,electricity,critical
Hagadooru में सड़क पर बड़ा गड्ढा है।,hi,Hagadooru,roads,high
Sewage water is flowing on the street in BTM Layout.,en,BTM Layout,drainage,critical
Kodigehalli में खुले में कचरा पड़ा है।,hi,Kodigehalli,sanitation,high
J.P.Nagar में सार्वजनिक सुविधा की मरम्मत की जरूरत है।,hi,J.P.Nagar,public_services,low
Water is stagnant in Pulikeshi Nagar and mosquitoes are increasing.,en,Pulikeshi Nagar,drainage,critical
Ward 11 में गंदा पानी सप्लाई हो रहा है।,hi,Ward 11,water_supply,critical
Chokkasandra me dead animal pada hai aur badbu aa rahi hai.,hinglish,Chokkasandra,health_safety,critical
Begur me drinking water dirty aur smell wala aa raha hai.,hinglish,Begur,water_supply,high
Giri Nagar me kachre se badbu aa rahi hai.,hinglish,Giri Nagar,sanitation,critical
Ward 10 me pipeline leak ho rahi hai near ward office.,hinglish,Ward 10,water_supply,high
Byrasandra में स्ट्रीट लाइट की मरम्मत की जरूरत है।,hi,Byrasandra,street_lights,medium
Nandini Layout me public service issue hai.,hinglish,Nandini Layout,public_services,medium
Hagadooru में कचरे से बदबू फैल रही है।,hi,Hagadooru,sanitation,critical
Electric pole box is open in Ulsoor and it is unsafe.,en,Ulsoor,electricity,critical
Devarajeevanahalli में सीवेज का पानी सड़क पर बह रहा है।,hi,Devarajeevanahalli,drainage,critical
Kadugodi me nali ka paani road par aa raha hai.,hinglish,Kadugodi,drainage,high
Ullalu me public service issue hai.,hinglish,Ullalu,public_services,medium
Shiva Nagar में कचरा जलाने से धुआं फैल रहा है।,hi,Shiva Nagar,health_safety,high
Horamavu में कचरे से बदबू फैल रही है।,hi,Horamavu,sanitation,critical
The lane in Horamavu becomes unsafe at night because street lights are not working.,en,Horamavu,street_lights,critical
Giri Nagar में सड़क की हालत खराब है।,hi,Giri Nagar,roads,high
Street light pole in Laggere needs repair near hospital.,en,Laggere,street_lights,medium
Uttarahalli में वोल्टेज बार बार घट बढ़ रहा है।,hi,Uttarahalli,electricity,high
Hemmigepura me street light pole repair karna hai near bus stop.,hinglish,Hemmigepura,street_lights,medium
Contaminated water is being supplied in H.M.T.,en,H.M.T,water_supply,critical
Jeevanbhima Nagar में पानी जमा है और मच्छर बढ़ रहे हैं।,hi,Jeevanbhima Nagar,drainage,low
Jayanagar me drinking water dirty aur smell wala aa raha hai.,hinglish,Jayanagar,water_supply,low
Contaminated water is being supplied in Jeevanbhima Nagar.,en,Jeevanbhima Nagar,water_supply,critical
There is a public safety issue in Dodda Bidarkallu near residential area.,en,Dodda Bidarkallu,health_safety,critical
Drainage is blocked in Herohalli near market.,en,Herohalli,drainage,high
A live electric wire is hanging in Kengeri near main road.,en,Kengeri,electricity,low
Shettyhalli में वोल्टेज बार बार घट बढ़ रहा है।,hi,Shettyhalli,electricity,high
There is a public safety issue in Ullalu near bus stop.,en,Ullalu,health_safety,critical
Ward 7 me voltage fluctuation se appliances kharab ho rahe hain.,hinglish,Ward 7,electricity,high
Doddanekkundi me transformer se spark aa raha hai near park.,hinglish,Doddanekkundi,electricity,critical
Drainage is blocked in Agaram near school.,en,Agaram,drainage,high
Street light is not working in HSR Layout near bus stop since yesterday.,en,HSR Layout,street_lights,medium
Transformer is sparking in Rajajinagar near main road.,en,Rajajinagar,electricity,critical
Singasandra me sewer water street par aa raha hai.,hinglish,Singasandra,drainage,high
Ward 3 में पाइपलाइन लीक हो रही है।,hi,Ward 3,water_supply,low
Hagadooru me public service issue hai.,hinglish,Hagadooru,public_services,medium
Katriguppe me kachre se badbu aa rahi hai.,hinglish,Katriguppe,sanitation,critical
Transformer is sparking in Ward 4 near temple.,en,Ward 4,electricity,critical
Civic service request from Gandhi Nagar needs attention.,en,Gandhi Nagar,public_services,low
A dead animal is lying in Arakere and causing foul smell.,en,Arakere,health_safety,critical
The lane in Nandini Layout becomes unsafe at night because street lights are not working.,en,Nandini Layout,street_lights,critical
Indiranagar में ट्रांसफार्मर से चिंगारी निकल रही है।,hi,Indiranagar,electricity,critical
A.Narayanapura से नागरिक सुविधा से जुड़ी शिकायत है।,hi,A.Narayanapura,public_services,low
Singasandra me drinking water dirty aur smell wala aa raha hai.,hinglish,Singasandra,water_supply,high
Newthippasandra में बिजली के खंभे का बॉक्स खुला है और खतरा है।,hi,Newthippasandra,electricity,low
Mosquito breeding is increasing in Konanakunte due to stagnant water.,en,Konanakunte,health_safety,critical
Hombegowda Nagar me sewer water street par aa raha hai.,hinglish,Hombegowda Nagar,drainage,high
Thanisandra में कचरे से बदबू फैल रही है।,hi,Thanisandra,sanitation,critical
The public facility in Vidyapeetha needs maintenance.,en,Vidyapeetha,public_services,low
A.Narayanapura में सफाई ठीक से नहीं हो रही है।,hi,A.Narayanapura,sanitation,medium
Basavanapura me kachra collect nahi hua since yesterday.,hinglish,Basavanapura,sanitation,high
Benniganahalli me garbage burning se smoke aur breathing problem ho rahi hai.,hinglish,Benniganahalli,health_safety,critical
Peenya Industrial Area में सार्वजनिक सुरक्षा से जुड़ी समस्या है।,hi,Peenya Industrial Area,health_safety,low
Koramangala me pipeline leak ho rahi hai near hospital.,hinglish,Koramangala,water_supply,high
J.P.Park me garbage burning se smoke aur breathing problem ho rahi hai.,hinglish,J.P.Park,health_safety,critical
Nagarabhavi में स्ट्रीट लाइट की मरम्मत की जरूरत है।,hi,Nagarabhavi,street_lights,medium
The lane in Begur becomes unsafe at night because street lights are not working.,en,Begur,street_lights,critical
There is a large pothole on the road in Singasandra near bus stop.,en,Singasandra,roads,high
Kengeri me live wire latak raha hai near park.,hinglish,Kengeri,electricity,critical
Ullalu में वोल्टेज बार बार घट बढ़ रहा है।,hi,Ullalu,electricity,high
Ward 12 me transformer se spark aa raha hai near main road.,hinglish,Ward 12,electricity,critical
Nagapura me public facility maintenance chahiye.,hinglish,Nagapura,public_services,low
Bellandur में सड़क पर बड़ा गड्ढा है।,hi,Bellandur,roads,high
K.R.Puram wali gali me street lights kaam nahi kar rahi.,hinglish,K.R.Puram,street_lights,medium
Varthur me nali ka paani road par aa raha hai.,hinglish,Varthur,drainage,high
Rajarajeshwari Nagar me garbage khula pada hai near park.,hinglish,Rajarajeshwari Nagar,sanitation,medium
Visvesvarapuram me road repair ki zarurat hai for several days.,hinglish,Visvesvarapuram,roads,high
K.R.Puram me drainage block hai near school.,hinglish,K.R.Puram,drainage,high
Vrushabhavati Nagar में सार्वजनिक सुरक्षा से जुड़ी समस्या है।,hi,Vrushabhavati Nagar,health_safety,critical
Drainage is blocked in Koramangala near ward office.,en,Koramangala,drainage,high
Road repair is needed in Shanthala Nagar for several days.,en,Shanthala Nagar,roads,medium
Konena Agrahara me public safety issue hai near bus stop.,hinglish,Konena Agrahara,health_safety,critical
Someshwara में कई दिनों से स्ट्रीट लाइट काम नहीं कर रही है।,hi,Someshwara,street_lights,medium
Hagadooru me municipal service properly kaam nahi kar rahi.,hinglish,Hagadooru,public_services,medium
Vignana Nagar se civic service related complaint hai.,hinglish,Vignana Nagar,public_services,low
Varthur me pipeline leak ho rahi hai near market.,hinglish,Varthur,water_supply,high
Rajagopala Nagar में पानी जमा है और मच्छर बढ़ रहे हैं।,hi,Rajagopala Nagar,drainage,high
Drainage is blocked in Someshwara near ward office.,en,Someshwara,drainage,critical
Garbage is dumped openly in Marathalli near apartment gate.,en,Marathalli,sanitation,high
Garbage has not been collected in Thanisandra since yesterday.,en,Thanisandra,sanitation,high
Varthur में सीवेज का पानी सड़क पर बह रहा है।,hi,Varthur,drainage,critical
Byatarayanapura में सड़क की मरम्मत की जरूरत है।,hi,Byatarayanapura,roads,low
Shettyhalli me stray dogs se safety issue hai.,hinglish,Shettyhalli,health_safety,critical
Ward 4 में बिजली के खंभे का बॉक्स खुला है और खतरा है।,hi,Ward 4,electricity,low
Contaminated water is being supplied in Hemmigepura.,en,Hemmigepura,water_supply,critical
Waste collection is not happening properly in Horamavu.,en,Horamavu,sanitation,high
Civic service request from Giri Nagar needs attention.,en,Giri Nagar,public_services,low
Ramamurthy Nagar में सार्वजनिक सेवा से जुड़ी समस्या है।,hi,Ramamurthy Nagar,public_services,medium
Drainage is blocked in Hemmigepura near temple.,en,Hemmigepura,drainage,high
Jnanabharathi Ward me bijli nahi aa rahi for 3 days.,hinglish,Jnanabharathi Ward,electricity,high
Stray dogs are creating safety issues in Uttarahalli.,en,Uttarahalli,health_safety,critical
Vasanthapura में सफाई ठीक से नहीं हो रही है।,hi,Vasanthapura,sanitation,high
Chikpete में कचरा नहीं उठाया गया है।,hi,Chikpete,sanitation,high
Water supply has not come in Hoodi since yesterday.,en,Hoodi,water_supply,high
Kengeri me bijli nahi aa rahi for several days.,hinglish,Kengeri,electricity,high
Dharmarayaswamy Temple Ward में खुले में कचरा पड़ा है।,hi,Dharmarayaswamy Temple Ward,sanitation,high
Prakash Nagar में नगर निगम सेवा ठीक से काम नहीं कर रही है।,hi,Prakash Nagar,public_services,medium
Banaswadi में बिजली नहीं आ रही है।,hi,Banaswadi,electricity,high
Doddanekkundi में पानी जमा है और मच्छर बढ़ रहे हैं।,hi,Doddanekkundi,drainage,high
The public facility in Ganeshmandira Ward needs maintenance.,en,Ganeshmandira Ward,public_services,low
Hoodi में नाली बंद है।,hi,Hoodi,drainage,high
Dodda Bidarkallu me public safety issue hai near main road.,hinglish,Dodda Bidarkallu,health_safety,critical
Ward 7 में पाइपलाइन लीक हो रही है।,hi,Ward 7,water_supply,low
There is a large pothole on the road in Pulikeshi Nagar near hospital.,en,Pulikeshi Nagar,roads,high
Mathikere में सीवेज का पानी सड़क पर बह रहा है।,hi,Mathikere,drainage,critical
Ejipura me dead animal pada hai aur badbu aa rahi hai.,hinglish,Ejipura,health_safety,critical
Mangammanapalya में मच्छर बढ़ रहे हैं।,hi,Mangammanapalya,health_safety,low
Sweeping has not been done in HSR Layout and the area is dirty.,en,HSR Layout,sanitation,medium
Hoysala Nagar me dead animal pada hai aur badbu aa rahi hai.,hinglish,Hoysala Nagar,health_safety,critical
Street light is not working in Jakkur near hospital for several days.,en,Jakkur,street_lights,medium
There is a large pothole on the road in Marenahalli near residential area.,en,Marenahalli,roads,high
Singasandra me dead animal pada hai aur badbu aa rahi hai.,hinglish,Singasandra,health_safety,critical
Road repair is needed in Dodda Bidarkallu for 3 days.,en,Dodda Bidarkallu,roads,medium
Jakkur me paani supply nahi aa rahi since yesterday.,hinglish,Jakkur,water_supply,high
Rajarajeshwari Nagar में कई दिनों से स्ट्रीट लाइट काम नहीं कर रही है।,hi,Rajarajeshwari Nagar,street_lights,medium
The lane in Anjanapur becomes unsafe at night because street lights are not working.,en,Anjanapur,street_lights,critical
Hosakerehalli se civic service related complaint hai.,hinglish,Hosakerehalli,public_services,low
K.R.Market में नाली का पानी सड़क पर आ रहा है।,hi,K.R.Market,drainage,critical
Ullalu में मच्छर बढ़ रहे हैं।,hi,Ullalu,health_safety,critical
Singasandra में खुले में कचरा पड़ा है।,hi,Singasandra,sanitation,high
There is a public service issue in Sampangiram Nagar.,en,Sampangiram Nagar,public_services,medium
Jeevanbhima Nagar में स्ट्रीट लाइट बंद है।,hi,Jeevanbhima Nagar,street_lights,medium
Anjanapur me raat ko andhera rehta hai street light kharab hai.,hinglish,Anjanapur,street_lights,medium
Street light pole in Ullalu needs repair near temple.,en,Ullalu,street_lights,medium
Contaminated water is being supplied in Hoodi.,en,Hoodi,water_supply,critical
Jeevanbhima Nagar me stray dogs se safety issue hai.,hinglish,Jeevanbhima Nagar,health_safety,critical
Ward 3 में वोल्टेज बार बार घट बढ़ रहा है।,hi,Ward 3,electricity,high
Yelachenahalli me drinking water dirty aur smell wala aa raha hai.,hinglish,Yelachenahalli,water_supply,high
Street light is not working in Chamrajpet near apartment gate for 2 days.,en,Chamrajpet,street_lights,medium
Jeevanbhima Nagar me garbage khula pada hai near temple.,hinglish,Jeevanbhima Nagar,sanitation,high
Nagarabhavi me electric pole box open hai aur danger hai.,hinglish,Nagarabhavi,electricity,critical
Road repair is needed in Horamavu since yesterday.,en,Horamavu,roads,medium
Bellandur me raat ko andhera rehta hai street light kharab hai.,hinglish,Bellandur,street_lights,medium
Dodda Bidarkallu me road condition bahut kharab hai.,hinglish,Dodda Bidarkallu,roads,high
Drainage is blocked in Radhakrishna Temple near bus stop.,en,Radhakrishna Temple,drainage,critical
The lane in Vignana Nagar becomes unsafe at night because street lights are not working.,en,Vignana Nagar,street_lights,critical
There is a large pothole on the road in Sunkenahalli near temple.,en,Sunkenahalli,roads,high
HSR Layout me raat ko andhera rehta hai street light kharab hai.,hinglish,HSR Layout,street_lights,medium
Drain water is overflowing on the road in Konanakunte.,en,Konanakunte,drainage,critical
Varthur में पानी जमा है और मच्छर बढ़ रहे हैं।,hi,Varthur,drainage,high
Kumaraswamy Layout me public safety issue hai near bus stop.,hinglish,Kumaraswamy Layout,health_safety,critical
The street light in Adugodi has been off for 3 days and the road is dark.,en,Adugodi,street_lights,medium
Horamavu me road par bada gadda hai near hospital.,hinglish,Horamavu,roads,high
Vasanthapura में पानी का प्रेशर बहुत कम है।,hi,Vasanthapura,water_supply,high
Ward 2 me transformer se spark aa raha hai near hospital.,hinglish,Ward 2,electricity,critical
Begur me paani jama hai aur machhar badh rahe hain.,hinglish,Begur,drainage,low
There is a public service issue in Vignana Nagar.,en,Vignana Nagar,public_services,medium
Marathalli me dead animal pada hai aur badbu aa rahi hai.,hinglish,Marathalli,health_safety,critical
Vishwanathnagenahalli wali gali me street lights kaam nahi kar rahi.,hinglish,Vishwanathnagenahalli,street_lights,medium
HSR Layout me garbage burning se smoke aur breathing problem ho rahi hai.,hinglish,HSR Layout,health_safety,critical
Yelachenahalli में स्ट्रीट लाइट की मरम्मत की जरूरत है।,hi,Yelachenahalli,street_lights,medium
Radhakrishna Temple में नाली बंद है।,hi,Radhakrishna Temple,drainage,high
Koramangala me road condition bahut kharab hai.,hinglish,Koramangala,roads,high
Ward 2 में गंदा पानी सप्लाई हो रहा है।,hi,Ward 2,water_supply,critical
Road repair is needed in Nandini Layout for 2 days.,en,Nandini Layout,roads,medium
Street light is not working in Hemmigepura near park for one week.,en,Hemmigepura,street_lights,medium
There is no electricity in Hampi Nagar for 3 days.,en,Hampi Nagar,electricity,high
Someshwara में नगर निगम सेवा ठीक से काम नहीं कर रही है।,hi,Someshwara,public_services,medium
Ramamurthy Nagar me paani supply nahi aa rahi for 3 days.,hinglish,Ramamurthy Nagar,water_supply,high
Begur me live wire latak raha hai near temple.,hinglish,Begur,electricity,critical
Pulikeshi Nagar me road condition bahut kharab hai.,hinglish,Pulikeshi Nagar,roads,high
Road condition is poor in Visvesvarapuram and vehicles are facing issues.,en,Visvesvarapuram,roads,high
Garudacharpalya में पानी जमा है और मच्छर बढ़ रहे हैं।,hi,Garudacharpalya,drainage,critical
Hanumantha Nagar में सड़क पर बड़ा गड्ढा है।,hi,Hanumantha Nagar,roads,high
Drainage is blocked in Byatarayanapura near park.,en,Byatarayanapura,drainage,high
Someshwara में सार्वजनिक सुविधा की मरम्मत की जरूरत है।,hi,Someshwara,public_services,low
HSR Layout में पानी जमा है और मच्छर बढ़ रहे हैं।,hi,HSR Layout,drainage,high
Katriguppe में पीने के पानी में बदबू और गंदगी है।,hi,Katriguppe,water_supply,critical
There is a large pothole on the road in Vasanthapura near market.,en,Vasanthapura,roads,high
Banaswadi me municipal service properly kaam nahi kar rahi.,hinglish,Banaswadi,public_services,medium
Vasanthapura me kachra collect nahi hua for one week.,hinglish,Vasanthapura,sanitation,high
Sanjay Nagar me street light band hai for several days.,hinglish,Sanjay Nagar,street_lights,medium
Padmanabha Nagar se civic service related complaint hai.,hinglish,Padmanabha Nagar,public_services,low
There is a public service issue in Garudacharpalya.,en,Garudacharpalya,public_services,medium
Jeevanbhima Nagar me public facility maintenance chahiye.,hinglish,Jeevanbhima Nagar,public_services,low
Kuvempu Nagar में रात को अंधेरा रहता है क्योंकि स्ट्रीट लाइट खराब है।,hi,Kuvempu Nagar,street_lights,medium
Jayanagar me contaminated water supply ho raha hai.,hinglish,Jayanagar,water_supply,critical
There is no electricity in Ward 10 for several days.,en,Ward 10,electricity,high
Jayanagar में बिजली के खंभे का बॉक्स खुला है और खतरा है।,hi,Jayanagar,electricity,low
Shettyhalli me sewer water street par aa raha hai.,hinglish,Shettyhalli,drainage,high
Drainage is blocked in Devarajeevanahalli near residential area.,en,Devarajeevanahalli,drainage,high
Hagadooru me water pressure bahut low hai.,hinglish,Hagadooru,water_supply,high
HBR Layout me electric pole box open hai aur danger hai.,hinglish,HBR Layout,electricity,critical
Ganeshmandira Ward me street light pole repair karna hai near bus stop.,hinglish,Ganeshmandira Ward,street_lights,medium
Kodigehalli me nali ka paani road par aa raha hai.,hinglish,Kodigehalli,drainage,high
Yelachenahalli में पीने के पानी में बदबू और गंदगी है।,hi,Yelachenahalli,water_supply,critical
Vidyaranyapura में कचरा नहीं उठाया गया है।,hi,Vidyaranyapura,sanitation,high
Garbage has not been collected in Ramamurthy Nagar for 2 days.,en,Ramamurthy Nagar,sanitation,high
HBR Layout में नाली का पानी सड़क पर आ रहा है।,hi,HBR Layout,drainage,critical
Pipeline is leaking in Ward 12 near main road.,en,Ward 12,water_supply,high
Street light pole in Vishwanathnagenahalli needs repair near market.,en,Vishwanathnagenahalli,street_lights,medium
Sunkenahalli me road par bada gadda hai near bus stop.,hinglish,Sunkenahalli,roads,high
Garbage burning in Ramamurthy Nagar is causing smoke and breathing problems.,en,Ramamurthy Nagar,health_safety,critical
Vignana Nagar me garbage khula pada hai near ward office.,hinglish,Vignana Nagar,sanitation,high
Basavanagudi me road repair ki zarurat hai for 3 days.,hinglish,Basavanagudi,roads,medium
K.R.Market me drainage block hai near temple.,hinglish,K.R.Market,drainage,critical
The public facility in Singasandra needs maintenance.,en,Singasandra,public_services,critical
Street light is not working in Ullalu near apartment gate for 2 days.,en,Ullalu,street_lights,medium
Hosahalli me road repair ki zarurat hai for 2 days.,hinglish,Hosahalli,roads,high
Water supply has not come in Kengeri for one week.,en,Kengeri,water_supply,high
Drain water is overflowing on the road in Bellandur.,en,Bellandur,drainage,high
Kengeri में पानी का प्रेशर बहुत कम है।,hi,Kengeri,water_supply,high
Ramamurthy Nagar me street light band hai for 2 days.,hinglish,Ramamurthy Nagar,street_lights,medium
Ward 2 me bijli nahi aa rahi for several days.,hinglish,Ward 2,electricity,high
The lane in Vasanthapura becomes unsafe at night because street lights are not working.,en,Vasanthapura,street_lights,critical
Basavanapura में पीने के पानी में बदबू और गंदगी है।,hi,Basavanapura,water_supply,critical
Voltage fluctuation in Vignana Nagar is damaging home appliances.,en,Vignana Nagar,electricity,high
Yelahanka old Satellite Town में नाली बंद है।,hi,Yelahanka old Satellite Town,drainage,high
Vasanth Nagar se civic service related complaint hai.,hinglish,Vasanth Nagar,public_services,low
HBR Layout me street light band hai for one week.,hinglish,HBR Layout,street_lights,medium
Water is stagnant in Jeevanbhima Nagar and mosquitoes are increasing.,en,Jeevanbhima Nagar,drainage,critical
Water pressure is very low in Ward 10.,en,Ward 10,water_supply,low
Neelasandra me raat ko andhera rehta hai street light kharab hai.,hinglish,Neelasandra,street_lights,medium
Contaminated water is being supplied in Varthur.,en,Varthur,water_supply,critical
Jakkur me public service issue hai.,hinglish,Jakkur,public_services,medium
Hosakerehalli me drainage block hai near main road.,hinglish,Hosakerehalli,drainage,high
Radhakrishna Temple में आवारा कुत्तों से सुरक्षा समस्या है।,hi,Radhakrishna Temple,health_safety,low
Arakere में स्ट्रीट लाइट की मरम्मत की जरूरत है।,hi,Arakere,street_lights,medium
Doddanekkundi me safai properly nahi ho rahi.,hinglish,Doddanekkundi,sanitation,high
Basavanagudi me voltage fluctuation se appliances kharab ho rahe hain.,hinglish,Basavanagudi,electricity,high
Doddanekkundi me drainage block hai near hospital.,hinglish,Doddanekkundi,drainage,high
Subramanya Nagar me voltage fluctuation se appliances kharab ho rahe hain.,hinglish,Subramanya Nagar,electricity,high
Drinking water in Bellandur is dirty and smells bad.,en,Bellandur,water_supply,high
Kavalbyrasandra me kachre se badbu aa rahi hai.,hinglish,Kavalbyrasandra,sanitation,critical
Garudacharpalya me road par bada gadda hai near hospital.,hinglish,Garudacharpalya,roads,high
Sudduguntepalya me kachre se badbu aa rahi hai.,hinglish,Sudduguntepalya,sanitation,critical
Transformer is sparking in Ward 5 near apartment gate.,en,Ward 5,electricity,critical
Bommanahalli में मरा हुआ जानवर पड़ा है और बदबू आ रही है।,hi,Bommanahalli,health_safety,critical
Arakere me garbage khula pada hai near market.,hinglish,Arakere,sanitation,high
Vishwanathnagenahalli में खुले में कचरा पड़ा है।,hi,Vishwanathnagenahalli,sanitation,high
Padmanabha Nagar me raat ko andhera rehta hai street light kharab hai.,hinglish,Padmanabha Nagar,street_lights,medium
HBR Layout me garbage khula pada hai near apartment gate.,hinglish,HBR Layout,sanitation,high
Ward 3 me bijli nahi aa rahi for 2 days.,hinglish,Ward 3,electricity,high
Giri Nagar में सार्वजनिक सुरक्षा से जुड़ी समस्या है।,hi,Giri Nagar,health_safety,critical
The street light in Hanumantha Nagar has been off for 2 days and the road is dark.,en,Hanumantha Nagar,street_lights,medium
Ward 3 me transformer se spark aa raha hai near temple.,hinglish,Ward 3,electricity,critical
A live electric wire is hanging in Thanisandra near main road.,en,Thanisandra,electricity,low
Begur में सार्वजनिक सेवा से जुड़ी समस्या है।,hi,Begur,public_services,medium
Kamakshipalya me street light pole repair karna hai near market.,hinglish,Kamakshipalya,street_lights,medium
There is a large pothole on the road in HSR Layout near market.,en,HSR Layout,roads,high
The road in T Dasarahalli is damaged and may cause accidents.,en,T-Dasarahalli,roads,low
Ramamurthy Nagar में गंदा पानी सप्लाई हो रहा है।,hi,Ramamurthy Nagar,water_supply,critical
Binnipet me kachre se badbu aa rahi hai.,hinglish,Binnipet,sanitation,critical
Bellandur me public service issue hai.,hinglish,Bellandur,public_services,medium
Horamavu में सार्वजनिक सुरक्षा से जुड़ी समस्या है।,hi,Horamavu,health_safety,critical
Thanisandra में सड़क की मरम्मत की जरूरत है।,hi,Thanisandra,roads,high
Dr.Rajkumar Ward में टूटी सड़क से दुर्घटना का खतरा है।,hi,Dr.Rajkumar Ward,roads,high
Kottigepalya me paani jama hai aur machhar badh rahe hain.,hinglish,Kottigepalya,drainage,high
There is a public safety issue in HBR Layout near residential area.,en,HBR Layout,health_safety,critical
Hebbal me nali ka paani road par aa raha hai.,hinglish,Hebbal,drainage,high
Municipal service is not working properly in Hagadooru.,en,Hagadooru,public_services,medium
Giri Nagar से नागरिक सुविधा से जुड़ी शिकायत है।,hi,Giri Nagar,public_services,low
A.Narayanapura me road condition bahut kharab hai.,hinglish,A.Narayanapura,roads,high
Uttarahalli में नाली बंद है।,hi,Uttarahalli,drainage,high
Water supply has not come in Vannarpet since yesterday.,en,Vannarpet,water_supply,high
Road repair is needed in Pattabhiram Nagar for 2 days.,en,Pattabhiram Nagar,roads,medium
Hagadooru me safai properly nahi ho rahi.,hinglish,Hagadooru,sanitation,high
Drinking water in C.V.Raman Nagar is dirty and smells bad.,en,C.V.Raman Nagar,water_supply,high
Hongasandra में सफाई ठीक से नहीं हो रही है।,hi,Hongasandra,sanitation,high
Garbage burning in Benniganahalli is causing smoke and breathing problems.,en,Benniganahalli,health_safety,critical
Jakkur में पानी की सप्लाई नहीं आ रही है।,hi,Jakkur,water_supply,high
Voltage fluctuation in Newthippasandra is damaging home appliances.,en,Newthippasandra,electricity,high
Vasanthapura में सड़क की हालत खराब है।,hi,Vasanthapura,roads,high
Mangammanapalya में आवारा कुत्तों से सुरक्षा समस्या है।,hi,Mangammanapalya,health_safety,low
HBR Layout में सीवेज का पानी सड़क पर बह रहा है।,hi,HBR Layout,drainage,critical
Dr.Rajkumar Ward में ट्रांसफार्मर से चिंगारी निकल रही है।,hi,Dr.Rajkumar Ward,electricity,critical
Hoysala Nagar में नाली बंद है।,hi,Hoysala Nagar,drainage,high
Water supply has not come in Chowdeshwari Ward since yesterday.,en,Chowdeshwari Ward,water_supply,high
Street light pole in Deepanjali Nagar needs repair near bus stop.,en,Deepanjali Nagar,street_lights,medium
Pipeline is leaking in Ramamurthy Nagar near residential area.,en,Ramamurthy Nagar,water_supply,high
Vijanapura में ट्रांसफार्मर से चिंगारी निकल रही है।,hi,Vijanapura,electricity,critical
Garbage is dumped openly in Vignana Nagar near school.,en,Vignana Nagar,sanitation,high
Doddanekkundi में मच्छर बढ़ रहे हैं।,hi,Doddanekkundi,health_safety,critical
Thanisandra me drainage block hai near school.,hinglish,Thanisandra,drainage,critical
The lane in Varthur becomes unsafe at night because street lights are not working.,en,Varthur,street_lights,critical
Dattathreya Temple me transformer se spark aa raha hai near apartment gate.,hinglish,Dattathreya Temple,electricity,critical
Agaram में कचरे से बदबू फैल रही है।,hi,Agaram,sanitation,critical
Thanisandra में नगर निगम सेवा ठीक से काम नहीं कर रही है।,hi,Thanisandra,public_services,medium
Street light pole in Vannarpet needs repair near hospital.,en,Vannarpet,street_lights,medium
Hebbal me voltage fluctuation se appliances kharab ho rahe hain.,hinglish,Hebbal,electricity,high
The public facility in Kempegowda Ward needs maintenance.,en,Kempegowda Ward,public_services,low
Sanjay Nagar me raat ko andhera rehta hai street light kharab hai.,hinglish,Sanjay Nagar,street_lights,medium
Doddanekkundi me drainage block hai near school.,hinglish,Doddanekkundi,drainage,high
There is a public safety issue in Hagadooru near hospital.,en,Hagadooru,health_safety,low
There is a public service issue in Sri Rammandira.,en,Sri Rammandira,public_services,medium
Ramamurthy Nagar me sewer water street par aa raha hai.,hinglish,Ramamurthy Nagar,drainage,high
Gottigere में स्ट्रीट लाइट की मरम्मत की जरूरत है।,hi,Gottigere,street_lights,medium
Dr.Rajkumar Ward me contaminated water supply ho raha hai.,hinglish,Dr.Rajkumar Ward,water_supply,critical
Koramangala wali gali me street lights kaam nahi kar rahi.,hinglish,Koramangala,street_lights,medium
The lane in Basavanapura becomes unsafe at night because street lights are not working.,en,Basavanapura,street_lights,critical
Vasanthapura में नगर निगम सेवा ठीक से काम नहीं कर रही है।,hi,Vasanthapura,public_services,medium
Katriguppe में मरा हुआ जानवर पड़ा है और बदबू आ रही है।,hi,Katriguppe,health_safety,critical
Dattathreya Temple में कचरे से बदबू फैल रही है।,hi,Dattathreya Temple,sanitation,critical
T Dasarahalli में कचरे से बदबू फैल रही है।,hi,T-Dasarahalli,sanitation,critical
Gurappanapalya me stray dogs se safety issue hai.,hinglish,Gurappanapalya,health_safety,critical
Road condition is poor in Dr.Rajkumar Ward and vehicles are facing issues.,en,Dr.Rajkumar Ward,roads,high
Someshwara me kachra collect nahi hua for several days.,hinglish,Someshwara,sanitation,high
Visvesvarapuram में सड़क की मरम्मत की जरूरत है।,hi,Visvesvarapuram,roads,high
Vasanth Nagar में कचरा नहीं उठाया गया है।,hi,Vasanth Nagar,sanitation,high
Gottigere me pipeline leak ho rahi hai near ward office.,hinglish,Gottigere,water_supply,high
Anjanapur में नगर निगम सेवा ठीक से काम नहीं कर रही है।,hi,Anjanapur,public_services,medium
Garbage has not been collected in Singasandra for 2 days.,en,Singasandra,sanitation,high
Yelahanka old Satellite Town me kachra collect nahi hua for 2 days.,hinglish,Yelahanka old Satellite Town,sanitation,high
Horamavu me drainage block hai near bus stop.,hinglish,Horamavu,drainage,high
Ward 7 me pipeline leak ho rahi hai near ward office.,hinglish,Ward 7,water_supply,high
Byatarayanapura me sewer water street par aa raha hai.,hinglish,Byatarayanapura,drainage,high
Benniganahalli me kachre se badbu aa rahi hai.,hinglish,Benniganahalli,sanitation,critical
Bellandur me road condition bahut kharab hai.,hinglish,Bellandur,roads,high
Vijanapura में कई दिनों से स्ट्रीट लाइट काम नहीं कर रही है।,hi,Vijanapura,street_lights,medium
Shankaramata me nali ka paani road par aa raha hai.,hinglish,Shankaramata,drainage,high
Gayathri Nagar में रात को अंधेरा रहता है क्योंकि स्ट्रीट लाइट खराब है।,hi,Gayathri Nagar,street_lights,medium
A dead animal is lying in Bellandur and causing foul smell.,en,Bellandur,health_safety,critical
Gurappanapalya में रात को अंधेरा रहता है क्योंकि स्ट्रीट लाइट खराब है।,hi,Gurappanapalya,street_lights,medium
HSR Layout me public facility maintenance chahiye.,hinglish,HSR Layout,public_services,low
Ward 2 me voltage fluctuation se appliances kharab ho rahe hain.,hinglish,Ward 2,electricity,high
Road repair is needed in J.P.Nagar for several days.,en,J.P.Nagar,roads,medium
Garbage has not been collected in Uttarahalli since yesterday.,en,Uttarahalli,sanitation,high
Dodda Bidarkallu में पानी जमा है और मच्छर बढ़ रहे हैं।,hi,Dodda Bidarkallu,drainage,critical
Ulsoor में कचरे से बदबू फैल रही है।,hi,Ulsoor,sanitation,critical
Water pressure is very low in Whitefield.,en,Whitefield,water_supply,low
Ward 3 में बिजली के खंभे का बॉक्स खुला है और खतरा है।,hi,Ward 3,electricity,low
There is a public safety issue in Kavalbyrasandra near ward office.,en,Kavalbyrasandra,health_safety,critical
Koramangala में कचरा जलाने से धुआं फैल रहा है।,hi,Koramangala,health_safety,critical
Waste collection is not happening properly in Jayangar.,en,Jayangar,sanitation,low
Visvesvarapuram में स्ट्रीट लाइट की मरम्मत की जरूरत है।,hi,Visvesvarapuram,street_lights,medium
Kadugodi me drainage block hai near apartment gate.,hinglish,Kadugodi,drainage,high
Road repair is needed in Varthur for one week.,en,Varthur,roads,medium
Hebbal me transformer se spark aa raha hai near residential area.,hinglish,Hebbal,electricity,critical
Civic service request from Jayangar needs attention.,en,Jayangar,public_services,low
Someshwara me garbage khula pada hai near residential area.,hinglish,Someshwara,sanitation,high
There is no electricity in Mahalakshmipuram for one week.,en,Mahalakshmipuram,electricity,high
Mosquito breeding is increasing in Ulsoor due to stagnant water.,en,Ulsoor,health_safety,critical
Water pressure is very low in Hoysala Nagar.,en,Hoysala Nagar,water_supply,high
A.Narayanapura se civic service related complaint hai.,hinglish,A.Narayanapura,public_services,low
Singasandra se civic service related complaint hai.,hinglish,Singasandra,public_services,low
Attiguppe me kachre se badbu aa rahi hai.,hinglish,Attiguppe,sanitation,critical
HSR Layout me road condition bahut kharab hai.,hinglish,HSR Layout,roads,high
Thanisandra me stray dogs se safety issue hai.,hinglish,Thanisandra,health_safety,critical
There is a public safety issue in Gangenahalli near park.,en,Gangenahalli,health_safety,low
A.Narayanapura me garbage khula pada hai near ward office.,hinglish,A.Narayanapura,sanitation,medium
J.P.Park me broken road se accident ka risk hai.,hinglish,J.P.Park,roads,high
Mallasandra me pipeline leak ho rahi hai near temple.,hinglish,Mallasandra,water_supply,high
Garbage is dumped openly in K.R.Puram near ward office.,en,K.R.Puram,sanitation,low
There is a public service issue in Mangammanapalya.,en,Mangammanapalya,public_services,medium
Kodigehalli में पानी जमा है और मच्छर बढ़ रहे हैं।,hi,Kodigehalli,drainage,high
Rajaji Nagar me stray dogs se safety issue hai.,hinglish,Rajaji Nagar,health_safety,critical
Civic service request from Vidyaranyapura needs attention.,en,Vidyaranyapura,public_services,low
Herohalli में पानी का प्रेशर बहुत कम है।,hi,Herohalli,water_supply,high
Singasandra में पीने के पानी में बदबू और गंदगी है।,hi,Singasandra,water_supply,critical
Ward 8 में पानी की सप्लाई नहीं आ रही है।,hi,Ward 8,water_supply,high
HBR Layout me broken road se accident ka risk hai.,hinglish,HBR Layout,roads,high
Jnanabharathi Ward me street light pole repair karna hai near school.,hinglish,Jnanabharathi Ward,street_lights,medium
Vasanthapura में रात को अंधेरा रहता है क्योंकि स्ट्रीट लाइट खराब है।,hi,Vasanthapura,street_lights,medium
Chokkasandra me garbage burning se smoke aur breathing problem ho rahi hai.,hinglish,Chokkasandra,health_safety,critical
There is a large pothole on the road in Garudacharpalya near ward office.,en,Garudacharpalya,roads,high
A live electric wire is hanging in Bapuji Nagar near school.,en,Bapuji Nagar,electricity,low
Jakkur me garbage khula pada hai near residential area.,hinglish,Jakkur,sanitation,low
Uttarahalli में सार्वजनिक सेवा से जुड़ी समस्या है।,hi,Uttarahalli,public_services,medium
Anjanapur se civic service related complaint hai.,hinglish,Anjanapur,public_services,low
Garbage burning in Sarakki is causing smoke and breathing problems.,en,Sarakki,health_safety,critical
Jakkur से नागरिक सुविधा से जुड़ी शिकायत है।,hi,Jakkur,public_services,low
The road in Bagalagunte is damaged and may cause accidents.,en,Bagalagunte,roads,high
Vidyaranyapura me kachra collect nahi hua for one week.,hinglish,Vidyaranyapura,sanitation,high
Jeevanbhima Nagar में खुले में कचरा पड़ा है।,hi,Jeevanbhima Nagar,sanitation,high
Ward 7 में पानी की सप्लाई नहीं आ रही है।,hi,Ward 7,water_supply,high
Puttenahalli me transformer se spark aa raha hai near temple.,hinglish,Puttenahalli,electricity,critical
Kengeri में गंदा पानी सप्लाई हो रहा है।,hi,Kengeri,water_supply,critical
Uttarahalli me transformer se spark aa raha hai near hospital.,hinglish,Uttarahalli,electricity,critical
Street light is not working in Bagalagunte near hospital since yesterday.,en,Bagalagunte,street_lights,medium
Horamavu me dead animal pada hai aur badbu aa rahi hai.,hinglish,Horamavu,health_safety,critical
Dodda Bidarkallu me municipal service properly kaam nahi kar rahi.,hinglish,Dodda Bidarkallu,public_services,medium
Kavalbyrasandra में सार्वजनिक सुरक्षा से जुड़ी समस्या है।,hi,Kavalbyrasandra,health_safety,critical
There is a large pothole on the road in Katriguppe near bus stop.,en,Katriguppe,roads,high
The road in Katriguppe is damaged and may cause accidents.,en,Katriguppe,roads,high
Shivaji Nagar में पीने के पानी में बदबू और गंदगी है।,hi,Shivaji Nagar,water_supply,critical
Dodda Bidarkallu में टूटी सड़क से दुर्घटना का खतरा है।,hi,Dodda Bidarkallu,roads,medium
Horamavu me kachra collect nahi hua for one week.,hinglish,Horamavu,sanitation,high
The lane in Jnanabharathi Ward becomes unsafe at night because street lights are not working.,en,Jnanabharathi Ward,street_lights,critical
Yelachenahalli में कचरे से बदबू फैल रही है।,hi,Yelachenahalli,sanitation,critical
Garbage is dumped openly in Horamavu near temple.,en,Horamavu,sanitation,high
Bommanahalli में स्ट्रीट लाइट की मरम्मत की जरूरत है।,hi,Bommanahalli,street_lights,medium
Contaminated water is being supplied in Ward 9.,en,Ward 9,water_supply,critical
HSR Layout me garbage khula pada hai near temple.,hinglish,HSR Layout,sanitation,high
Bharathi Nagar me municipal service properly kaam nahi kar rahi.,hinglish,Bharathi Nagar,public_services,medium
Hagadooru me garbage khula pada hai near market.,hinglish,Hagadooru,sanitation,low
Jayamahal में सार्वजनिक सुरक्षा से जुड़ी समस्या है।,hi,Jayamahal,health_safety,low
